config,seed,final.H_alpha,final.S_tau,final.accuracy,final.alpha_tvar,final.epochs_run,final.macro_f1,final.per_class_alpha,final.per_class_alpha.0,final.per_class_alpha.1,final.per_class_alpha.10,final.per_class_alpha.11,final.per_class_alpha.12,final.per_class_alpha.13,final.per_class_alpha.14,final.per_class_alpha.15,final.per_class_alpha.16,final.per_class_alpha.17,final.per_class_alpha.2,final.per_class_alpha.3,final.per_class_alpha.4,final.per_class_alpha.5,final.per_class_alpha.6,final.per_class_alpha.7,final.per_class_alpha.8,final.per_class_alpha.9,final.perm_null,final.perm_null.null_mean,final.perm_null.null_std,final.perm_null.observed_var,final.perm_null.z,final.rho_last
full_all,42,0.588072846286947,0.7076521515846252,0.7940161104718066,0.013211778365075588,21,0.7047035160486842,,0.511963963508606,0.607001781463623,0.39157751202583313,0.4017835855484009,0.5116605162620544,0.44901353120803833,0.486575186252594,0.5976753234863281,0.6057025790214539,0.5197466611862183,0.4501217305660248,0.5179029107093811,0.5829442143440247,0.4492798447608948,0.4552153944969177,0.5462433695793152,0.5116145610809326,0.5994516015052795,,0.006984125007875264,2.5519760933672637e-05,0.013211778365075588,244.03258045221435,0.7404085323829721
full_all,43,0.5615249922792548,0.7143932580947876,0.7848101265822784,0.012695379555225372,24,0.6179768855404048,,0.5639792084693909,0.5605208277702332,0.4438045620918274,0.4489985704421997,0.5143160820007324,0.4976470172405243,0.49657517671585083,0.5562666654586792,0.5602591037750244,0.4879750609397888,0.46400558948516846,0.4224330186843872,0.5971643924713135,0.4215161204338074,0.42370542883872986,0.57379549741745,0.5591393709182739,0.557215690612793,,0.0074708830332383515,3.31936391703252e-05,0.012695379555225372,157.39450374164358,0.7803279863600168
full_all,44,0.5756593941207268,0.753264307975769,0.7698504027617952,0.01963527873158455,30,0.6783426603261334,,0.5637797713279724,0.5559138655662537,0.48549073934555054,0.4894980192184448,0.4726940393447876,0.4842383563518524,0.517000675201416,0.5372347235679626,0.5527480840682983,0.5669002532958984,0.4447759687900543,0.5133631825447083,0.5727695226669312,0.4778587520122528,0.4800806939601898,0.5502418279647827,0.5356775522232056,0.5409030914306641,,0.012980659445747732,4.205116882668305e-05,0.01963527873158455,158.25051510491414,0.7049692058133952
full_all,45,0.506615392454728,0.801429271697998,0.7652474108170311,0.019686855375766754,24,0.6219368380502135,,0.5690187215805054,0.5451817512512207,0.4597260653972626,0.4421132504940033,0.49787795543670654,0.4861239194869995,0.5310956239700317,0.5399254560470581,0.5439454913139343,0.4318844676017761,0.455911248922348,0.3780438005924225,0.5688494443893433,0.48314619064331055,0.48995405435562134,0.5604363679885864,0.5438567996025085,0.540865421295166,,0.008937397180125118,5.5196964544938845e-05,0.019686855375766754,194.74726716435015,1.0997560928615926
full_all,46,0.6460462328452542,0.7192836403846741,0.7710011507479861,0.010730577632784843,21,0.6634424702835386,,0.6169902086257935,0.5336137413978577,0.46254709362983704,0.4791874289512634,0.45829400420188904,0.4873313009738922,0.4865969717502594,0.5208612084388733,0.5313050746917725,0.4877450168132782,0.5123719573020935,0.5185724496841431,0.5680267810821533,0.4854479730129242,0.4836251437664032,0.5949997901916504,0.5807892680168152,0.5233630537986755,,0.007539992220699787,4.757829870181493e-05,0.010730577632784843,67.05967703934884,0.7923788651151413
full_all,47,0.5761713968976728,0.7394577264785767,0.7882623705408516,0.013327294960618019,22,0.6784383192067254,,0.5396029949188232,0.46939101815223694,0.4969203770160675,0.5165825486183167,0.47191306948661804,0.473760724067688,0.5329902172088623,0.4514520764350891,0.4654165804386139,0.5080608129501343,0.5275387763977051,0.4444884955883026,0.5241302847862244,0.4806024134159088,0.4818822145462036,0.5570488572120667,0.5124537348747253,0.4546552002429962,,0.009438326209783554,3.31522797052166e-05,0.013327294960618019,117.30622051057034,1.07971236007567
full_all,48,0.5588167519201582,0.7065627574920654,0.7848101265822784,0.014850642532110214,26,0.6835473498344783,,0.6013813018798828,0.5311219692230225,0.5102488994598389,0.5093356370925903,0.5141741633415222,0.5305504202842712,0.5421341061592102,0.5321357250213623,0.5313284397125244,0.5219647884368896,0.5150499939918518,0.5047754645347595,0.5770304203033447,0.44603466987609863,0.4529469907283783,0.5982483625411987,0.5828907489776611,0.5320243239402771,,0.008513404009863734,7.370971733256052e-05,0.014850642532110214,85.97561713171098,0.755482467471088
full_all,49,0.6665455146933718,0.7533460259437561,0.7882623705408516,0.010920108295977116,17,0.663762777500348,,0.5079386830329895,0.450169175863266,0.4485718607902527,0.44979408383369446,0.420309841632843,0.3988833725452423,0.4858042299747467,0.4383983910083771,0.4481707811355591,0.4644949734210968,0.46845775842666626,0.4467778205871582,0.48786962032318115,0.3961455225944519,0.39813825488090515,0.5275392532348633,0.4967663288116455,0.44064390659332275,,0.006783263664692641,3.2353563276168926e-05,0.010920108295977116,127.86364420230517,0.8962132599023731
full_all,50,0.6009708414432564,0.6926975846290588,0.7813578826237054,0.012581435963511467,16,0.6593689775064533,,0.5628010034561157,0.4997780919075012,0.51493901014328,0.5023888349533081,0.4683430790901184,0.5016382932662964,0.5117108225822449,0.5080709457397461,0.5015811920166016,0.5002604126930237,0.46894457936286926,0.41628700494766235,0.5167562365531921,0.4568769931793213,0.46224188804626465,0.4747266471385956,0.5523648262023926,0.5065962076187134,,0.00563285646494478,5.465098521547553e-05,0.012581435963511467,127.14463141012918,0.9144678423442798
full_all,51,0.681190005542653,0.6684707999229431,0.759493670886076,0.009539427235722542,16,0.6831990673882918,,0.5272682905197144,0.5009312629699707,0.4703969657421112,0.4850090742111206,0.46106889843940735,0.45436590909957886,0.5016492009162903,0.5081318616867065,0.5029186010360718,0.499821275472641,0.45426705479621887,0.45585423707962036,0.5278425216674805,0.4032812714576721,0.40779343247413635,0.5240441560745239,0.519047737121582,0.5071870684623718,,0.007927553541958333,5.760916599077121e-05,0.009539427235722542,27.979465386514367,0.8026150137785562
full_fixed_class,42,0.823576324357023,0.10082122683525085,0.8814729574223246,0.0,27,0.6967473967088293,,0.6129680275917053,0.5818601250648499,0.16875554621219635,0.22716714441776276,0.6610987782478333,0.7711843252182007,0.5355457663536072,0.6304051876068115,0.5532804131507874,0.15006785094738007,0.14948584139347076,0.09039264172315598,0.8683647513389587,0.43664637207984924,0.4241197407245636,0.8650131821632385,0.8345624804496765,0.6676788926124573,,0.0,0.0,0.0,,0.5111028252159561
full_fixed_class,43,0.823576324357023,0.09815829992294312,0.8906789413118527,0.0,27,0.7630027074174375,,0.6129680275917053,0.5818601250648499,0.16875554621219635,0.22716714441776276,0.6610987782478333,0.7711843252182007,0.5355457663536072,0.6304051876068115,0.5532804131507874,0.15006785094738007,0.14948584139347076,0.09039264172315598,0.8683647513389587,0.43664637207984924,0.4241197407245636,0.8650131821632385,0.8345624804496765,0.6676788926124573,,0.0,0.0,0.0,,0.7723688602066998
full_fixed_class,44,0.823576324357023,0.07697340846061707,0.8906789413118527,0.0,23,0.7099689843992144,,0.6129680275917053,0.5818601250648499,0.16875554621219635,0.22716714441776276,0.6610987782478333,0.7711843252182007,0.5355457663536072,0.6304051876068115,0.5532804131507874,0.15006785094738007,0.14948584139347076,0.09039264172315598,0.8683647513389587,0.43664637207984924,0.4241197407245636,0.8650131821632385,0.8345624804496765,0.6676788926124573,,0.0,0.0,0.0,,0.6656591792088237
full_fixed_class,45,0.823576324357023,0.06534723192453384,0.8791714614499425,0.0,19,0.7044657406032633,,0.6129680275917053,0.5818601250648499,0.16875554621219635,0.22716714441776276,0.6610987782478333,0.7711843252182007,0.5355457663536072,0.6304051876068115,0.5532804131507874,0.15006785094738007,0.14948584139347076,0.09039264172315598,0.8683647513389587,0.43664637207984924,0.4241197407245636,0.8650131821632385,0.8345624804496765,0.6676788926124573,,0.0,0.0,0.0,,0.888999578206473
full_fixed_class,46,0.823576324357023,0.09903708845376968,0.8941311852704258,0.0,27,0.7103895888647842,,0.6129680275917053,0.5818601250648499,0.16875554621219635,0.22716714441776276,0.6610987782478333,0.7711843252182007,0.5355457663536072,0.6304051876068115,0.5532804131507874,0.15006785094738007,0.14948584139347076,0.09039264172315598,0.8683647513389587,0.43664637207984924,0.4241197407245636,0.8650131821632385,0.8345624804496765,0.6676788926124573,,0.0,0.0,0.0,,0.4994725573263694
full_fixed_class,47,0.823576324357023,0.10835433006286621,0.8941311852704258,0.0,27,0.7665703231104515,,0.6129680275917053,0.5818601250648499,0.16875554621219635,0.22716714441776276,0.6610987782478333,0.7711843252182007,0.5355457663536072,0.6304051876068115,0.5532804131507874,0.15006785094738007,0.14948584139347076,0.09039264172315598,0.8683647513389587,0.43664637207984924,0.4241197407245636,0.8650131821632385,0.8345624804496765,0.6676788926124573,,0.0,0.0,0.0,,0.7301666483496048
full_fixed_class,48,0.823576324357023,0.08656007051467896,0.8791714614499425,0.0,27,0.7584804030732043,,0.6129680275917053,0.5818601250648499,0.16875554621219635,0.22716714441776276,0.6610987782478333,0.7711843252182007,0.5355457663536072,0.6304051876068115,0.5532804131507874,0.15006785094738007,0.14948584139347076,0.09039264172315598,0.8683647513389587,0.43664637207984924,0.4241197407245636,0.8650131821632385,0.8345624804496765,0.6676788926124573,,0.0,0.0,0.0,,0.5423305292770925
full_fixed_class,49,0.823576324357023,0.05399426817893982,0.8043728423475259,0.0,13,0.5738983740009099,,0.6129680275917053,0.5818601250648499,0.16875554621219635,0.22716714441776276,0.6610987782478333,0.7711843252182007,0.5355457663536072,0.6304051876068115,0.5532804131507874,0.15006785094738007,0.14948584139347076,0.09039264172315598,0.8683647513389587,0.43664637207984924,0.4241197407245636,0.8650131821632385,0.8345624804496765,0.6676788926124573,,0.0,0.0,0.0,,0.7995603138383727
full_fixed_class,50,0.823576324357023,0.047055646777153015,0.7974683544303798,0.0,13,0.6264724961769433,,0.6129680275917053,0.5818601250648499,0.16875554621219635,0.22716714441776276,0.6610987782478333,0.7711843252182007,0.5355457663536072,0.6304051876068115,0.5532804131507874,0.15006785094738007,0.14948584139347076,0.09039264172315598,0.8683647513389587,0.43664637207984924,0.4241197407245636,0.8650131821632385,0.8345624804496765,0.6676788926124573,,0.0,0.0,0.0,,0.7063608195827598
full_fixed_class,51,0.823576324357023,0.04804667830467224,0.8987341772151899,0.0,17,0.6966278116083532,,0.6129680275917053,0.5818601250648499,0.16875554621219635,0.22716714441776276,0.6610987782478333,0.7711843252182007,0.5355457663536072,0.6304051876068115,0.5532804131507874,0.15006785094738007,0.14948584139347076,0.09039264172315598,0.8683647513389587,0.43664637207984924,0.4241197407245636,0.8650131821632385,0.8345624804496765,0.6676788926124573,,0.0,0.0,0.0,,0.4378870174531128
full_fixed_global,42,0.9543217871135516,0.04488198086619377,0.7698504027617952,0.0,15,0.671831682567075,,0.6251521706581116,0.6251521706581116,0.6251522302627563,0.6251521706581116,0.6251521706581116,0.6251522302627563,0.6251521706581116,0.6251521706581116,0.6251521706581116,0.6251521706581116,0.6251522302627563,0.6251521706581116,0.6251522302627563,0.6251521706581116,0.6251521706581116,0.6251521706581116,0.6251522302627563,0.6251521110534668,,0.0,0.0,0.0,,1.4492297831653507
full_fixed_global,43,0.9543217871135516,0.05327870324254036,0.7951668584579977,0.0,17,0.6808377136311469,,0.6251521706581116,0.6251521706581116,0.6251522302627563,0.6251521706581116,0.6251521706581116,0.6251522302627563,0.6251521706581116,0.6251521706581116,0.6251521706581116,0.6251521706581116,0.6251522302627563,0.6251521706581116,0.6251522302627563,0.6251521706581116,0.6251521706581116,0.6251521706581116,0.6251522302627563,0.6251521110534668,,0.0,0.0,0.0,,1.2075621079453718
full_fixed_global,44,0.9543217871135516,0.05509655550122261,0.7802071346375143,0.0,13,0.6158583382077025,,0.6251521706581116,0.6251521706581116,0.6251522302627563,0.6251521706581116,0.6251521706581116,0.6251522302627563,0.6251521706581116,0.6251521706581116,0.6251521706581116,0.6251521706581116,0.6251522302627563,0.6251521706581116,0.6251522302627563,0.6251521706581116,0.6251521706581116,0.6251521706581116,0.6251522302627563,0.6251521110534668,,0.0,0.0,0.0,,1.7903146694020906
full_fixed_global,45,0.9543217871135516,0.0621478371322155,0.766398158803222,0.0,18,0.6450439619859397,,0.6251521706581116,0.6251521706581116,0.6251522302627563,0.6251521706581116,0.6251521706581116,0.6251522302627563,0.6251521706581116,0.6251521706581116,0.6251521706581116,0.6251521706581116,0.6251522302627563,0.6251521706581116,0.6251522302627563,0.6251521706581116,0.6251521706581116,0.6251521706581116,0.6251522302627563,0.6251521110534668,,0.0,0.0,0.0,,1.4007769996645767
full_fixed_global,46,0.9543217871135516,0.05689740926027298,0.7733026467203682,0.0,23,0.7052372883574386,,0.6251521706581116,0.6251521706581116,0.6251522302627563,0.6251521706581116,0.6251521706581116,0.6251522302627563,0.6251521706581116,0.6251521706581116,0.6251521706581116,0.6251521706581116,0.6251522302627563,0.6251521706581116,0.6251522302627563,0.6251521706581116,0.6251521706581116,0.6251521706581116,0.6251522302627563,0.6251521110534668,,0.0,0.0,0.0,,2.1704918807188838
full_fixed_global,47,0.9543217871135516,0.07091063261032104,0.7710011507479861,0.0,22,0.6277585005037117,,0.6251521706581116,0.6251521706581116,0.6251522302627563,0.6251521706581116,0.6251521706581116,0.6251522302627563,0.6251521706581116,0.6251521706581116,0.6251521706581116,0.6251521706581116,0.6251522302627563,0.6251521706581116,0.6251522302627563,0.6251521706581116,0.6251521706581116,0.6251521706581116,0.6251522302627563,0.6251521110534668,,0.0,0.0,0.0,,1.578413283994361
full_fixed_global,48,0.9543217871135516,0.059059977531433105,0.7756041426927502,0.0,17,0.6925640913333834,,0.6251521706581116,0.6251521706581116,0.6251522302627563,0.6251521706581116,0.6251521706581116,0.6251522302627563,0.6251521706581116,0.6251521706581116,0.6251521706581116,0.6251521706581116,0.6251522302627563,0.6251521706581116,0.6251522302627563,0.6251521706581116,0.6251521706581116,0.6251521706581116,0.6251522302627563,0.6251521110534668,,0.0,0.0,0.0,,1.699138048856008
full_fixed_global,49,0.9543217871135516,0.06950969994068146,0.7848101265822784,0.0,27,0.7077847429747633,,0.6251521706581116,0.6251521706581116,0.6251522302627563,0.6251521706581116,0.6251521706581116,0.6251522302627563,0.6251521706581116,0.6251521706581116,0.6251521706581116,0.6251521706581116,0.6251522302627563,0.6251521706581116,0.6251522302627563,0.6251521706581116,0.6251521706581116,0.6251521706581116,0.6251522302627563,0.6251521110534668,,0.0,0.0,0.0,,1.6032340375066214
full_fixed_global,50,0.9543217871135516,0.056764379143714905,0.7756041426927502,0.0,36,0.7044419329571815,,0.6251521706581116,0.6251521706581116,0.6251522302627563,0.6251521706581116,0.6251521706581116,0.6251522302627563,0.6251521706581116,0.6251521706581116,0.6251521706581116,0.6251521706581116,0.6251522302627563,0.6251521706581116,0.6251522302627563,0.6251521706581116,0.6251521706581116,0.6251521706581116,0.6251522302627563,0.6251521110534668,,0.0,0.0,0.0,,1.903300540581412
full_fixed_global,51,0.9543217871135516,0.06695535778999329,0.7802071346375143,0.0,26,0.7034419459588764,,0.6251521706581116,0.6251521706581116,0.6251522302627563,0.6251521706581116,0.6251521706581116,0.6251522302627563,0.6251521706581116,0.6251521706581116,0.6251521706581116,0.6251521706581116,0.6251522302627563,0.6251521706581116,0.6251522302627563,0.6251521706581116,0.6251521706581116,0.6251521706581116,0.6251522302627563,0.6251521110534668,,0.0,0.0,0.0,,1.8906562614820954
full_r1_r2_r3,42,0.5080289647003977,0.11696555465459824,0.7802071346375143,0.019563686102628708,23,0.7119162935022367,,0.5988197922706604,0.5934221744537354,0.4280560314655304,0.4481349289417267,0.49867284297943115,0.4774778485298157,0.5102651119232178,0.5888667702674866,0.59316086769104,0.5451958775520325,0.46022796630859375,0.4470461308956146,0.6502945423126221,0.45098230242729187,0.4461432993412018,0.6071313619613647,0.5776064395904541,0.589969277381897,,0.009361190255731344,2.6510078113330964e-05,0.019563686102628708,384.85346661100294,0.8142186664123191
full_r1_r2_r3,43,0.6151747135168734,0.0907755047082901,0.7986191024165707,0.014761303551495075,17,0.6774868811840327,,0.5572285652160645,0.5311319828033447,0.471171110868454,0.47961196303367615,0.478714257478714,0.47579750418663025,0.5437794923782349,0.5368449687957764,0.5324262380599976,0.5027524828910828,0.493137001991272,0.4914047122001648,0.5570563673973083,0.4874647855758667,0.4841417968273163,0.5438027381896973,0.5357071757316589,0.5359007120132446,,0.008811571868136525,2.2871886685171082e-05,0.014761303551495075,260.132952961991,0.9458379283018097
full_r1_r2_r3,44,0.6322191704681033,0.06363262981176376,0.7514384349827388,0.00924191065132618,12,0.6008808235088278,,0.6000971794128418,0.49998438358306885,0.5368787050247192,0.51799476146698,0.5110174417495728,0.48556816577911377,0.5330203771591187,0.5081931352615356,0.5017145276069641,0.5181933045387268,0.5089419484138489,0.4497893154621124,0.592757523059845,0.4738682806491852,0.47888320684432983,0.5725995898246765,0.5674082636833191,0.5067915320396423,,0.003786471683997661,1.73078227874892e-05,0.00924191065132618,315.2007458772449,0.5864114434880137
full_r1_r2_r3,45,0.5704756647397421,0.08890553563833237,0.7848101265822784,0.02049355022609234,32,0.692825768182147,,0.6071330308914185,0.5285906195640564,0.500856339931488,0.5206059813499451,0.484825074672699,0.4435511827468872,0.48179253935813904,0.5321597456932068,0.5295363664627075,0.40226414799690247,0.4013419449329376,0.39169222116470337,0.5757721066474915,0.4489964544773102,0.4450937509536743,0.5777793526649475,0.5816441774368286,0.5318313241004944,,0.01478271996602416,3.445209949522835e-05,0.02049355022609234,165.76145366983167,0.9954397112296625
full_r1_r2_r3,46,0.5731761810585477,0.07504205405712128,0.7756041426927502,0.012039614841341972,21,0.6833875743978706,,0.5856115221977234,0.5691958665847778,0.4744875133037567,0.4843428134918213,0.5328572392463684,0.5386890172958374,0.49255049228668213,0.5647506713867188,0.5680394172668457,0.5032885074615479,0.45661675930023193,0.41142407059669495,0.574582576751709,0.4203328788280487,0.4221246838569641,0.557761549949646,0.560102105140686,0.5655287504196167,,0.007731403317302465,4.090011869282575e-05,0.012039614841341972,105.33493682648577,0.5773701524354717
full_r1_r2_r3,47,0.5471283081394742,0.11061199754476547,0.7825086306098964,0.020431259647011757,29,0.712100441103728,,0.5553169250488281,0.4751780033111572,0.4949460029602051,0.4981878399848938,0.5022132396697998,0.48314908146858215,0.5091716647148132,0.4585205316543579,0.47183743119239807,0.5158854722976685,0.4801311790943146,0.4428589344024658,0.5377079844474792,0.47192779183387756,0.4776996672153473,0.5697461366653442,0.5355182886123657,0.46156346797943115,,0.013103194022551178,2.4798793164595223e-05,0.020431259647011757,295.5008850762075,0.5508144876426628
full_r1_r2_r3,48,0.5551734126638597,0.09894255548715591,0.7963176064441887,0.02134893275797367,33,0.7039050321810784,,0.6116341948509216,0.5963706970214844,0.4589579403400421,0.4860783815383911,0.4566303491592407,0.4890974760055542,0.511479377746582,0.5803549289703369,0.5929470658302307,0.47436752915382385,0.4573662579059601,0.3838484287261963,0.6244788765907288,0.47154125571250916,0.4706227779388428,0.6108782291412354,0.5864694714546204,0.5836595296859741,,0.011954385321587324,4.865163646224653e-05,0.02134893275797367,193.09827842231365,0.8682945095900222
full_r1_r2_r3,49,0.6178164440260937,0.07888509333133698,0.7790563866513234,0.011447912082076073,18,0.6463374205986958,,0.554634690284729,0.4815897047519684,0.5146740078926086,0.5126429200172424,0.42398232221603394,0.430065393447876,0.5068670511245728,0.4813205599784851,0.48166611790657043,0.49361085891723633,0.4660516679286957,0.4147222936153412,0.5445886254310608,0.4309746026992798,0.43239253759384155,0.5015982389450073,0.5353444218635559,0.4815797805786133,,0.007114105625078082,5.9932324344447745e-05,0.011447912082076073,72.31166873787058,0.6374703370937268
full_r1_r2_r3,50,0.496404793306279,0.14025793969631195,0.7698504027617952,0.02236446738243103,24,0.6860454727211833,,0.5507276058197021,0.5691546201705933,0.4483533799648285,0.4351876378059387,0.5355395078659058,0.5259553790092468,0.49232977628707886,0.5539877414703369,0.5659016370773315,0.5125932097434998,0.4395046532154083,0.4602011740207672,0.553156852722168,0.4501517713069916,0.45803719758987427,0.529586672782898,0.5544951558113098,0.5565052628517151,,0.01056899963878095,4.9991379393130894e-05,0.02236446738243103,235.9500308031271,0.6693019231004116
full_r1_r2_r3,51,0.45395264530834095,0.16771534085273743,0.7813578826237054,0.021107474341988564,34,0.6806630633576131,,0.5857115387916565,0.5764088034629822,0.44425180554389954,0.46589186787605286,0.49990004301071167,0.5068358182907104,0.49848833680152893,0.5597419142723083,0.57281893491745,0.4749883711338043,0.5099838972091675,0.45165154337882996,0.6018879413604736,0.4187752902507782,0.423846572637558,0.5941123962402344,0.5580418705940247,0.5628281831741333,,0.010620811581611633,5.43253301165322e-05,0.021107474341988564,193.03449320690189,0.9418482325488898
full_r1_r3,42,0.42182853609596943,0.0926038846373558,0.7836593785960875,0.042388562113046646,26,0.7111064018578735,,0.9547625184059143,0.8949186205863953,0.3062446713447571,0.1336645931005478,0.6626734137535095,0.8117964863777161,0.8963233232498169,0.8386363387107849,0.8861499428749084,0.9958152174949646,0.19719351828098297,0.3472204804420471,0.9724593162536621,0.647878110408783,0.6882897615432739,0.9151432514190674,0.912030041217804,0.8498753905296326,,0.020406093541532756,9.952713402296932e-05,0.042388562113046646,220.869098326207,0.9525156003585086
full_r1_r3,43,0.656271089769445,0.06312299519777298,0.7790563866513234,0.04390531778335571,18,0.7002848220689852,,0.5168176293373108,0.7608649730682373,0.08010006695985794,0.08955586701631546,0.361258864402771,0.5045896172523499,0.7346011400222778,0.597388505935669,0.7270824313163757,0.9986056685447693,0.032710060477256775,0.9628813862800598,0.8009640574455261,0.7038285732269287,0.6867474913597107,0.984993040561676,0.38187241554260254,0.6270891427993774,,0.011921464605256915,8.357995244020253e-05,0.04390531778335571,382.6737376801929,1.151426713334498
full_r1_r3,44,0.6152560606238863,0.09651463478803635,0.7986191024165707,0.06418778747320175,33,0.6485781956248374,,0.9567123055458069,0.767924964427948,0.14744815230369568,0.10673704743385315,0.5064814686775208,0.41876021027565,0.8335240483283997,0.6480769515037537,0.7477818131446838,0.9997413158416748,0.5593892931938171,0.9997585415840149,0.7458104491233826,0.6156311631202698,0.6137020587921143,0.9955101609230042,0.7555373311042786,0.6719918251037598,,0.024719222262501717,0.00021715769462354048,0.06418778747320175,181.75070930537882,0.8731962942973337
full_r1_r3,45,0.5099012476383713,0.08432670682668686,0.7871116225546605,0.01963847130537033,22,0.6921144719175221,,0.9893022775650024,0.9027566313743591,0.19644109904766083,0.24119752645492554,0.517907977104187,0.2706869840621948,0.7640776634216309,0.7946407794952393,0.8881708979606628,0.9999620914459229,0.9778304100036621,0.9863740801811218,0.863145649433136,0.03113490343093872,0.02846292220056057,0.9968968629837036,0.8505697250366211,0.816947877407074,,0.009695494640618562,0.0001923336708258972,0.01963847130537033,51.696494796565176,0.7310304515179774
full_r1_r3,46,0.6913025541565956,0.06912115216255188,0.7836593785960875,0.03661521524190903,17,0.6720451168025023,,0.785391092300415,0.45682740211486816,0.3150627613067627,0.3735133111476898,0.5732646584510803,0.3723798990249634,0.7977212071418762,0.22457514703273773,0.3955376148223877,0.9997442364692688,0.5544806718826294,0.9709372520446777,0.7926084399223328,0.6296983361244202,0.671785831451416,0.9971003532409668,0.7219670414924622,0.2636210024356842,,0.011912077525630593,6.0248682748779255e-05,0.03661521524190903,410.0195419917196,1.0645507715753004
full_r1_r3,47,0.649493425360778,0.06563688069581985,0.7905638665132336,0.01730762980878353,16,0.670292995634199,,0.8709695339202881,0.2853485941886902,0.28351303935050964,0.3176920711994171,0.6975514888763428,0.2526557445526123,0.7432858943939209,0.2558472752571106,0.27638161182403564,0.99413001537323,0.6152231693267822,0.37475818395614624,0.8439554572105408,0.7873117327690125,0.833077609539032,0.9955372214317322,0.7960719466209412,0.25957757234573364,,0.010908133490011096,9.984698467948767e-05,0.01730762980878353,64.09303470928049,0.9156244467795203
full_r1_r3,48,0.509354871452459,0.0872504934668541,0.7744533947065593,0.05210143327713013,17,0.656920717251507,,0.9804438352584839,0.8240785598754883,0.5432145595550537,0.37001171708106995,0.7976441979408264,0.6938245892524719,0.7567124366760254,0.7325252294540405,0.8070002794265747,0.9994585514068604,0.24363695085048676,0.6425696015357971,0.9161137342453003,0.5436804294586182,0.571008026599884,0.9945888519287109,0.937595784664154,0.7501527667045593,,0.022375943791121244,8.48859435478322e-05,0.05210143327713013,350.1815246840887,0.7597625147113816
full_r1_r3,49,0.6241471690011092,0.057153768837451935,0.7779056386651323,0.020565563812851906,12,0.5484450256426909,,0.9202562570571899,0.4056030809879303,0.38994479179382324,0.5322408080101013,0.9030369520187378,0.7150653004646301,0.7655497193336487,0.378537654876709,0.4002930521965027,0.9972876310348511,0.7882240414619446,0.21080893278121948,0.9193660020828247,0.24115759134292603,0.31232190132141113,0.990969181060791,0.802787721157074,0.382588267326355,,0.003955561225302518,5.2012482963915845e-05,0.020565563812851906,319.3464591899271,0.6403435456580845
full_r1_r3,50,0.6868639708512932,0.09491226822137833,0.7698504027617952,0.022056058049201965,19,0.6711637907123413,,0.8145233392715454,0.4698576331138611,0.322922021150589,0.4942610263824463,0.6233429312705994,0.5853078365325928,0.6277367472648621,0.30676496028900146,0.4422430098056793,0.9993929862976074,0.4581679105758667,0.4710230827331543,0.8700541257858276,0.18898026645183563,0.17395031452178955,0.9576530456542969,0.7688047289848328,0.33684706687927246,,0.009161560609936715,0.00012175090348854456,0.022056058049201965,105.90884308772,0.9248824820441175
full_r1_r3,51,0.7351777415403283,0.05066283047199249,0.7894131185270425,0.014340361580252647,17,0.6889424155652194,,0.8501332998275757,0.5757461786270142,0.6195498704910278,0.5180615186691284,0.6333938837051392,0.42964527010917664,0.7540330290794373,0.4720090925693512,0.5499162673950195,0.9711939692497253,0.7960824370384216,0.9624912738800049,0.8816307187080383,0.31875404715538025,0.30811187624931335,0.9981860518455505,0.8984273076057434,0.4898070991039276,,0.01121742776595056,8.213350281337989e-05,0.014340361580252647,38.02265420695895,0.9479280678411836
full_r1,42,0.5952052867060431,0.06695858389139175,0.7721518987341772,0.024286998435854912,12,0.48740373936850606,,0.7188596725463867,0.5554652214050293,0.6157814264297485,0.06307698786258698,0.8305570483207703,0.7249499559402466,0.6642983555793762,0.4712773263454437,0.5373764038085938,4.2025524749078613e-07,0.03176455572247505,1.9088010958512314e-06,0.9040961265563965,0.8103058934211731,0.8289777040481567,0.9594449996948242,0.8375695943832397,0.48627641797065735,,0.011244208784773946,0.00013990861337787364,0.024286998435854912,93.22363536425435,0.38042740796292634
full_r1,43,0.6617076965940161,0.046873316168785095,0.7744533947065593,0.02624383382499218,18,0.6872564664601414,,0.2006596177816391,0.7056594491004944,0.28576192259788513,0.2765986919403076,0.686772346496582,0.8354985117912292,0.7169413566589355,0.7280727028846741,0.7111027240753174,0.9999982714653015,0.409294068813324,0.09389861673116684,0.8458307385444641,0.2626291513442993,0.2727789580821991,0.9025686979293823,0.5778000354766846,0.7246326208114624,,0.015087694441899658,0.0001727218939186768,0.02624383382499218,64.59018637066947,0.44619539906555916
full_r1,44,0.5750621242801319,0.058123450726270676,0.7767548906789413,0.03106214478611946,12,0.5533432557024435,,0.9623668789863586,0.09707476943731308,0.6738808751106262,0.5809258222579956,0.7545217275619507,0.6471350789070129,0.7538456320762634,0.12388339638710022,0.10185129940509796,0.9990651607513428,0.6734432578086853,0.015547436662018299,0.7873116135597229,0.6696677803993225,0.6832291483879089,0.973879337310791,0.8658771514892578,0.11887675523757935,,0.013536655623465777,0.0001677451665804945,0.03106214478611946,104.47686461217353,0.33251489768363673
full_r1,45,0.3236716514086476,0.050453949719667435,0.7721518987341772,0.005780569743365049,15,0.6807571168178279,,0.9811397790908813,0.9779595732688904,0.10804373770952225,0.10049182921648026,0.8326098322868347,0.504112720489502,0.3517804443836212,0.959199845790863,0.9744531512260437,0.9995179176330566,0.09630215913057327,0.6618125438690186,0.9592559933662415,0.004672234877943993,0.004632985219359398,0.9894850850105286,0.9038211703300476,0.9626790285110474,,0.0032659348216839135,7.484754676967023e-05,0.005780569743365049,33.596757630850774,0.4196896554986792
full_r1,46,0.5001858610260665,0.08875466883182526,0.7813578826237054,0.015417257323861122,27,0.5998590602315417,,0.829664409160614,0.939215898513794,0.0866374596953392,0.04284382611513138,0.8976866602897644,0.8360012769699097,0.6130120754241943,0.8535564541816711,0.9300782084465027,0.0347476564347744,0.3246881663799286,0.060597095638513565,0.93708735704422,0.2221599519252777,0.25969937443733215,0.9959534406661987,0.7536620497703552,0.8709427714347839,,0.007898918050341309,0.000100793038218664,0.015417257323861122,74.59185010989957,0.2710401982321924
full_r1,47,0.6199438392067684,0.0508417934179306,0.7767548906789413,0.029870830476284027,13,0.6691488857485063,,0.6954639554023743,0.1661771833896637,0.5645073056221008,0.3999289274215698,0.6124888062477112,0.708737313747406,0.6206854581832886,0.17257283627986908,0.16712874174118042,0.9996968507766724,0.4699186086654663,2.135799759273027e-09,0.898905873298645,0.6030008792877197,0.6516030430793762,0.9867453575134277,0.7658426761627197,0.17125052213668823,,0.010136056831106544,0.00010905140088867959,0.029870830476284027,180.96762905737677,0.3707898736150608
full_r1,48,0.5681191089712688,0.052266038954257965,0.7802071346375143,0.019671957939863205,21,0.6328725335834957,,0.9239526987075806,0.9163542985916138,0.1651385873556137,0.06180857867002487,0.849656879901886,0.7203356027603149,0.38514387607574463,0.8025885224342346,0.899861216545105,0.3290676772594452,0.20352229475975037,0.0783645287156105,0.8898869752883911,0.5525444149971008,0.6766421794891357,0.8704438805580139,0.8562252521514893,0.8247421979904175,,0.010677898302674294,0.00017419211403471506,0.019671957939863205,51.63298944614381,0.3563851198544776
full_r1,49,0.6237664110795,0.04763060063123703,0.7802071346375143,0.022664396092295647,12,0.6109958335260879,,0.9219202399253845,0.6774252653121948,0.6160759925842285,0.3930043578147888,0.8571699261665344,0.7768715023994446,0.8409498929977417,0.5979969501495361,0.6591026782989502,0.9991620779037476,0.8293529748916626,0.005555568728595972,0.9132256507873535,0.36330294609069824,0.4223514199256897,0.9446967840194702,0.8852005004882812,0.6119394898414612,,0.007286973809823394,0.00011465399892464874,0.022664396092295647,134.1202425783521,0.4484458134323196
full_r1,50,0.599843924984136,0.08117802441120148,0.7744533947065593,0.028090426698327065,30,0.6999066624856513,,0.9601249694824219,0.8314311504364014,0.3156760632991791,0.7485030889511108,0.7087042331695557,0.7907360792160034,0.777590811252594,0.6554452776908875,0.8006556630134583,0.9778211116790771,0.753417432308197,5.31209778387165e-08,0.9174495935440063,0.255068838596344,0.30505964159965515,0.9972044825553894,0.8893627524375916,0.688337504863739,,0.012693727947771549,0.00015599470473821837,0.028090426698327065,98.70013650587218,0.35499644506150846
full_r1,51,0.6388035194107146,0.085520438849926,0.7744533947065593,0.015849631279706955,24,0.6289426366337137,,0.9861801862716675,0.7933928966522217,0.27361419796943665,0.6270638108253479,0.5986655354499817,0.4900446832180023,0.7737306952476501,0.6412756443023682,0.7658035755157471,0.9606671929359436,0.7584640979766846,0.03838469833135605,0.9584745764732361,0.29449477791786194,0.30913570523262024,0.9964173436164856,0.933194637298584,0.6693207621574402,,0.009324980853125452,0.0001067786801195322,0.015849631279706955,61.10442981850989,0.45367622674373553
full_r2_gumbel,42,0.35751147514258164,0.11385831236839294,0.7905638665132336,0.02149496227502823,33,0.7021673512507827,,0.5401096343994141,0.5889641046524048,0.4537382423877716,0.43269234895706177,0.47912606596946716,0.4889002740383148,0.5051551461219788,0.5730741024017334,0.5861819982528687,0.3830111026763916,0.45796820521354675,0.3437814712524414,0.629263162612915,0.3933979868888855,0.39538678526878357,0.5425631403923035,0.5734456181526184,0.5760474801063538,,0.012800601590424777,7.926693153191916e-05,0.02149496227502823,109.68458608010866,1.6521761639053838
full_r2_gumbel,43,0.3739532383262976,0.07991110533475876,0.7756041426927502,0.019540341570973396,32,0.6471233489174728,,0.5705024003982544,0.5839834809303284,0.4200465977191925,0.400989830493927,0.5075595378875732,0.45779553055763245,0.48554882407188416,0.5827082991600037,0.5839822888374329,0.40400874614715576,0.41753458976745605,0.2847651541233063,0.5912385582923889,0.4415242373943329,0.4525475800037384,0.5436676740646362,0.5708763599395752,0.5829935073852539,,0.006577452109195292,4.164447055913866e-05,0.019540341570973396,311.27515793710353,1.627179382287419
full_r2_gumbel,44,0.491199162856433,0.04923493415117264,0.7836593785960875,0.011491131968796253,13,0.6126570394297084,,0.5324321389198303,0.529722273349762,0.46323704719543457,0.42983099818229675,0.5522674322128296,0.5381030440330505,0.4587098956108093,0.532194197177887,0.5301128625869751,0.4741472899913788,0.4361996054649353,0.25621169805526733,0.5894206166267395,0.3960880935192108,0.41333892941474915,0.5869492292404175,0.5316784977912903,0.5317249894142151,,0.004818493407219649,3.743752091099321e-05,0.011491131968796253,178.23398080248577,1.8822953591197418
full_r2_gumbel,45,0.48974993372767284,0.05375181511044502,0.7836593785960875,0.012541994452476501,11,0.5674889098569847,,0.5853235125541687,0.5597004294395447,0.47364458441734314,0.41336289048194885,0.5618296265602112,0.4930897653102875,0.5311713814735413,0.5663228631019592,0.5609039664268494,0.46388480067253113,0.43677467107772827,0.28324681520462036,0.5654107928276062,0.36122196912765503,0.3787232041358948,0.5946996808052063,0.6029422283172607,0.5650982856750488,,0.004146319185383618,3.457092890883207e-05,0.012541994452476501,242.85361398242236,1.843326799018469
full_r2_gumbel,46,0.4400095802416508,0.06742691993713379,0.7894131185270425,0.015673212707042694,17,0.6943885979447043,,0.617084264755249,0.5965495705604553,0.42665258049964905,0.39968007802963257,0.5073559880256653,0.5169087648391724,0.46503880620002747,0.591726541519165,0.5954711437225342,0.44148844480514526,0.4362032413482666,0.30469390749931335,0.5952242016792297,0.4073077440261841,0.4094849228858948,0.559485137462616,0.5677890777587891,0.5925887227058411,,0.004680823860689997,3.125813674876682e-05,0.015673212707042694,351.66486675254225,2.1963747839037278
full_r2_gumbel,47,0.40162084212172616,0.06932118535041809,0.7710011507479861,0.026214981451630592,30,0.7021698628060605,,0.5096399188041687,0.5273540019989014,0.45434874296188354,0.4188248813152313,0.5319247245788574,0.5350008606910706,0.5099465847015381,0.5150881409645081,0.5252898335456848,0.5037403702735901,0.46394750475883484,0.3825359046459198,0.5821893811225891,0.5064536929130554,0.5177239179611206,0.6214447617530823,0.542100727558136,0.517377495765686,,0.007307555922307074,6.0100303634667895e-05,0.026214981451630592,314.59783181227124,1.7420148611460018
full_r2_gumbel,48,0.363524970984732,0.07910002022981644,0.7848101265822784,0.01939135044813156,30,0.699701172961244,,0.4911229908466339,0.5392908453941345,0.45838552713394165,0.42260998487472534,0.5765044093132019,0.5167829394340515,0.5212720632553101,0.5583184361457825,0.5432139039039612,0.44625672698020935,0.4705055356025696,0.3092602789402008,0.64643394947052,0.41847777366638184,0.4327036142349243,0.5624357461929321,0.579563558101654,0.5549144744873047,,0.0069456316065043214,3.6063821712008546e-05,0.01939135044813156,345.1025960562705,1.7114218176193832
full_r2_gumbel,49,0.49604220769311635,0.05478807911276817,0.7882623705408516,0.009799525141716003,12,0.6126221548322756,,0.5821851491928101,0.5691560506820679,0.4850446581840515,0.3766219913959503,0.5691109299659729,0.5331431031227112,0.49678394198417664,0.5728016495704651,0.5700688362121582,0.46921980381011963,0.4417981803417206,0.2809290885925293,0.5962408781051636,0.4140658378601074,0.42467379570007324,0.5730111598968506,0.6063521504402161,0.5721808075904846,,0.0033050376223400235,2.3593864510216587e-05,0.009799525141716003,275.2616995533752,2.0387752328520086
full_r2_gumbel,50,0.3974001892515259,0.08100903034210205,0.7779056386651323,0.016389062628149986,30,0.6443175462289569,,0.6120169758796692,0.6393513083457947,0.4105646312236786,0.4319400489330292,0.48867878317832947,0.472661554813385,0.481289803981781,0.6373557448387146,0.6406635046005249,0.40171194076538086,0.4017524719238281,0.3166678547859192,0.6567983031272888,0.3305583596229553,0.3377905488014221,0.4393492639064789,0.6430776119232178,0.6380610466003418,,0.006658219755627215,3.0195856928720906e-05,0.016389062628149986,322.2575392788308,1.8445631040406827
full_r2_gumbel,51,0.46800799896843,0.05978270620107651,0.7813578826237054,0.01005625631660223,13,0.6122696411629173,,0.554407000541687,0.5526338219642639,0.4431327283382416,0.43042659759521484,0.528701663017273,0.5148198008537292,0.48730704188346863,0.5642977356910706,0.5551832318305969,0.3815111815929413,0.43916258215904236,0.34250491857528687,0.6120331287384033,0.3891296088695526,0.3992820084095001,0.5644258856773376,0.5421866774559021,0.5622252821922302,,0.003360788349527866,2.168135849513712e-05,0.01005625631660223,308.8121835061164,3.158460183948786
full_r2,42,0.6230904508101683,0.09330961853265762,0.7802071346375143,0.009692303836345673,27,0.7023061814620839,,0.5658460259437561,0.6153017282485962,0.4300122559070587,0.3698383867740631,0.48308464884757996,0.455500066280365,0.47471141815185547,0.60372394323349,0.61368328332901,0.38416996598243713,0.4386776387691498,0.24609607458114624,0.6365853548049927,0.4180701673030853,0.4222983419895172,0.539593517780304,0.5899165272712708,0.6059808731079102,,0.003180974186398089,1.931922703210521e-05,0.009692303836345673,337.0388112364988,2.8994793720300516
full_r2,43,0.663524433820946,0.07159079611301422,0.7548906789413119,0.007750717923045158,21,0.6767201522426842,,0.550502359867096,0.6272445917129517,0.41739940643310547,0.4246867597103119,0.48287269473075867,0.4678953289985657,0.5076146721839905,0.6191157698631287,0.6256162524223328,0.45705270767211914,0.47014114260673523,0.48392239212989807,0.6035435795783997,0.3586190640926361,0.36842602491378784,0.48259544372558594,0.5638086795806885,0.6206125617027283,,0.002685330738313496,1.927859937688815e-05,0.007750717923045158,262.7466250508633,1.5087857649194238
full_r2,44,0.7267619628505578,0.041526101529598236,0.7744533947065593,0.006380246952176094,13,0.665249458779001,,0.5307763814926147,0.5611645579338074,0.486497163772583,0.4419791102409363,0.5483254790306091,0.5249388217926025,0.48015886545181274,0.5624524354934692,0.5614768266677856,0.40296420454978943,0.43072509765625,0.2555980980396271,0.6149961948394775,0.3688316345214844,0.39182043075561523,0.6224640607833862,0.5618090033531189,0.5622419118881226,,0.0022381242481060324,1.334779814416751e-05,0.006380246952176094,310.3225227868382,1.8923269489959949
full_r2,45,0.7201608780811999,0.056169480085372925,0.7882623705408516,0.007882662117481232,13,0.6250517827524154,,0.5540339350700378,0.5637586116790771,0.4943214952945709,0.448937326669693,0.5548721551895142,0.49294793605804443,0.5373848676681519,0.5689519643783569,0.5650184154510498,0.42964351177215576,0.4697875678539276,0.39458245038986206,0.5540956258773804,0.39962515234947205,0.4267759919166565,0.5685480833053589,0.5749961733818054,0.5680530667304993,,0.0025666886242106555,2.209939451852679e-05,0.007882662117481232,240.54836652948208,1.7285993580829344
full_r2,46,0.6523147716677637,0.0772213414311409,0.7721518987341772,0.006085436325520277,15,0.5974880638192014,,0.6179072856903076,0.5983589291572571,0.44044414162635803,0.37147051095962524,0.4946540296077728,0.4739189147949219,0.4600719213485718,0.595486581325531,0.5979567766189575,0.4189561903476715,0.38913872838020325,0.3538535535335541,0.6164043545722961,0.39043617248535156,0.39780959486961365,0.5840465426445007,0.5798362493515015,0.5960530638694763,,0.00239066801732406,2.7854061092974742e-05,0.006085436325520277,132.64737817641682,2.4072643115171246
full_r2,47,0.6608314931026446,0.0702151507139206,0.7744533947065593,0.007976124994456768,21,0.6666501026634841,,0.49876028299331665,0.507153332233429,0.47956258058547974,0.4624134302139282,0.47875532507896423,0.49734044075012207,0.5434635877609253,0.5025045275688171,0.5059582591056824,0.5345116853713989,0.4295317232608795,0.3818288743495941,0.5514423847198486,0.5021325945854187,0.5099751353263855,0.5550358295440674,0.5310301780700684,0.5033170580863953,,0.002781961520668119,1.4182244750519152e-05,0.007976124994456768,366.24407482140214,2.282517503406606
full_r2,48,0.681270113664336,0.06708206236362457,0.7686996547756041,0.01439166720956564,24,0.6263014660791266,,0.5840466022491455,0.5417236089706421,0.4846492409706116,0.45787444710731506,0.5161195397377014,0.5129696130752563,0.5156418681144714,0.5406194925308228,0.5422872304916382,0.5542824268341064,0.5006169676780701,0.2863645553588867,0.5575061440467834,0.4361715316772461,0.4581022262573242,0.5058801770210266,0.5733740925788879,0.5409834384918213,,0.00801539490930736,5.852268203472126e-05,0.01439166720956564,108.9538614706927,2.221370795409574
full_r2,49,0.6915078231314874,0.06789960712194443,0.7859608745684695,0.005542112048715353,13,0.6353515429026089,,0.6155887246131897,0.5569900274276733,0.4410856068134308,0.4144339859485626,0.5108416676521301,0.4711698889732361,0.4791238009929657,0.5498512983322144,0.5556438565254211,0.4376593232154846,0.4953872859477997,0.2635626494884491,0.5911751985549927,0.4255484342575073,0.43376705050468445,0.4993171691894531,0.5657430291175842,0.551180899143219,,0.002183867956046015,2.0292624611017305e-05,0.005542112048715353,165.49086141155016,1.972692350150673
full_r2,50,0.6652949959801224,0.07517044991254807,0.7756041426927502,0.014159979298710823,21,0.629227766949737,,0.6403921246528625,0.5400933027267456,0.4841640889644623,0.4717603325843811,0.5174520611763,0.5231100916862488,0.5122290849685669,0.5318704843521118,0.5382653474807739,0.3594457507133484,0.5037604570388794,0.16466963291168213,0.6218739151954651,0.3595370948314667,0.3745635449886322,0.5167296528816223,0.6153820753097534,0.5333688259124756,,0.007561675412580371,5.336906599393689e-05,0.014159979298710823,123.63536141413277,1.5149340429106766
full_r2,51,0.654389901069005,0.08066726475954056,0.7686996547756041,0.010375509038567543,26,0.7006920007879617,,0.5338160991668701,0.5516616106033325,0.4215523898601532,0.45981478691101074,0.512679934501648,0.5097770094871521,0.4978722631931305,0.5465176105499268,0.5507726669311523,0.41821637749671936,0.5114513039588928,0.3801259696483612,0.5901402235031128,0.44202375411987305,0.44771435856819153,0.5170262455940247,0.5315614342689514,0.5474931597709656,,0.003075810300651938,1.5663182837526117e-05,0.010375509038567543,466.04182225243795,2.128653283758473
full_r3_sinc,42,0.33391567782527226,0.10855197161436081,0.7974683544303798,0.011256754398345947,26,0.7034020979571985,,0.933782160282135,0.9716339111328125,0.9135624766349792,0.9440878629684448,0.8716134428977966,0.9221218824386597,0.9211745262145996,0.968787431716919,0.971440851688385,0.9649025201797485,0.9126543998718262,0.2817813456058502,0.8232447504997253,0.20819629728794098,0.08304625749588013,0.8751940131187439,0.8975965976715088,0.9693751931190491,,0.013345417939126492,0.00017151907667093316,0.011256754398345947,-12.177441536781913,3.1258981083065533
full_r3_sinc,43,0.5150287995003259,0.08219630271196365,0.7502876869965478,0.004964587278664112,12,0.5331712746281885,,0.8828569650650024,0.8197970986366272,0.9037266969680786,0.9342536926269531,0.899916410446167,0.8996906280517578,0.8255916833877563,0.6875825524330139,0.7943981885910034,0.9999338388442993,0.823887288570404,0.5776360034942627,0.1421227753162384,0.20763136446475983,0.08233927190303802,0.9998481273651123,0.8788289427757263,0.7116828560829163,,0.0013058314565569163,4.066410908294835e-05,0.004964587278664112,89.97506190702101,5.375154950598219
full_r3_sinc,44,0.5174736751390837,0.08045712113380432,0.7790563866513234,0.005454934202134609,17,0.6803704521835949,,0.8719334006309509,0.7671936750411987,0.8668981194496155,0.8623624444007874,0.9398115873336792,0.9343503713607788,0.8883845210075378,0.7278196811676025,0.7580727338790894,0.999825119972229,0.8609702587127686,0.5777212977409363,0.8862226009368896,0.178134948015213,0.11092746257781982,0.995622992515564,0.8219603300094604,0.7347331643104553,,0.0029436904937028886,4.4031826004324596e-05,0.005454934202134609,57.03246672424195,7.882633698514958
full_r3_sinc,45,0.3312627301091667,0.09593546390533447,0.7928653624856157,0.01205600518733263,25,0.6837576807838096,,0.9716429710388184,0.8439218997955322,0.8408461213111877,0.7709332704544067,0.8466947674751282,0.901216983795166,0.8458603620529175,0.8837156891822815,0.8557655215263367,0.9559131264686584,0.8767444491386414,2.6567265649646288e-06,0.9608369469642639,0.1929389238357544,0.051625270396471024,0.9653629660606384,0.9598821997642517,0.8771762251853943,,0.0066057134186849,0.0001175615554289345,0.01205600518733263,46.361173960319334,5.170457360149322
full_r3_sinc,46,0.42731111144087025,0.07879196107387543,0.7905638665132336,0.01853669434785843,27,0.7018054807157247,,0.8510798811912537,0.954234778881073,0.7911067008972168,0.799407958984375,0.8827812671661377,0.8580583333969116,0.9048321843147278,0.9359250664710999,0.9504300951957703,0.9319514632225037,0.7484877109527588,6.088514137303491e-10,0.6706463694572449,0.22991755604743958,0.09941285848617554,0.8942517638206482,0.8775745034217834,0.9392182230949402,,0.016735376603901387,0.00013500732941814847,0.01853669434785843,13.342369917084875,3.5623286483790784
full_r3_sinc,47,0.23265394488024396,0.10762724280357361,0.7963176064441887,0.010026678442955017,26,0.6934366264657368,,0.9405769109725952,0.968153715133667,0.9001585841178894,0.9026456475257874,0.9514071941375732,0.9604112505912781,0.8288823366165161,0.9412059187889099,0.9633102416992188,0.9999891519546509,0.8725184798240662,0.0007466009701602161,0.9836045503616333,0.19488736987113953,0.051848623901605606,0.9955999851226807,0.9362095594406128,0.9461796283721924,,0.003991431975737214,0.00013301748341570588,0.010026678442955017,45.371828325639264,7.15660625172734
full_r3_sinc,48,0.2457354563944176,0.10934802889823914,0.7848101265822784,0.009680015966296196,17,0.5793805212867542,,0.9743050932884216,0.9654624462127686,0.9322317838668823,0.9406817555427551,0.9022712111473083,0.931958019733429,0.9395034313201904,0.9484342932701111,0.9627578854560852,0.9999857544898987,0.9583832621574402,0.08903089165687561,0.8882733583450317,0.20015358924865723,0.0491216816008091,0.012456439435482025,0.9694554209709167,0.9516449570655823,,0.007539659598842263,0.0001444136308145425,0.009680015966296196,14.821013366678578,4.897401458298791
full_r3_sinc,49,0.3234233056957028,0.08558758348226547,0.7848101265822784,0.00748862000182271,16,0.6351315170420057,,0.945857584476471,0.9513769149780273,0.9483823776245117,0.9470975399017334,0.9380379915237427,0.9021092057228088,0.9217596650123596,0.9461047649383545,0.9513485431671143,0.9974890351295471,0.8065844178199768,1.439013249182608e-05,0.5558309555053711,0.19211693108081818,0.0582631379365921,0.177456334233284,0.9556716680526733,0.9472421407699585,,0.00242833731463179,5.0547199163670936e-05,0.00748862000182271,100.11004903942877,2.273647235519433
full_r3_sinc,50,0.29431509880406465,0.08562663197517395,0.7951668584579977,0.013379836454987526,27,0.6353823872235529,,0.9628089666366577,0.9340791702270508,0.8944109082221985,0.8872662782669067,0.8617355227470398,0.9188865423202515,0.8970766663551331,0.940514326095581,0.9360619187355042,0.9976087808609009,0.9035035371780396,3.643412492237985e-05,0.8813875317573547,0.1588744968175888,0.055808838456869125,0.0021354728378355503,0.9535532593727112,0.9394649863243103,,0.011570297041907906,0.0001540239163934711,0.013379836454987526,11.748431306658379,3.599272997881167
full_r3_sinc,51,0.40930422301736286,0.11568781733512878,0.7986191024165707,0.006941463798284531,31,0.6997159267681448,,0.9322317242622375,0.9194632768630981,0.9389028549194336,0.9539750814437866,0.9665560722351074,0.9432936906814575,0.8348240852355957,0.8728883266448975,0.9121897220611572,0.9985746741294861,0.9609071016311646,0.12482163310050964,0.4092780649662018,0.22259774804115295,0.08761770278215408,0.9768873453140259,0.9019960761070251,0.8817200660705566,,0.0024807659676298497,3.5979137994460004e-05,0.006941463798284531,123.98011612622331,6.874586503185675
full_r3_stft,42,0.540046356761603,0.05209340155124664,0.7779056386651323,0.06166134029626846,21,0.6878485337505388,,0.7945569753646851,0.7565932869911194,0.2728331685066223,0.29136937856674194,0.37299230694770813,0.7276523113250732,0.4163544178009033,0.7107808589935303,0.7495137453079224,0.9988827705383301,0.16382309794425964,0.03293859586119652,0.8539003133773804,0.7859299778938293,0.7852278351783752,0.8964464664459229,0.672853946685791,0.7201645970344543,,0.03212198056280613,0.00010786581237723967,0.06166134029626846,273.8528437193922,0.8425913850099734
full_r3_stft,43,0.6288893532128946,0.09839850664138794,0.7744533947065593,0.04527011886239052,12,0.48722425748205445,,0.6680631637573242,0.2896765470504761,0.30562543869018555,0.1686849743127823,0.6933777928352356,0.4593287408351898,0.7257329821586609,0.26696082949638367,0.2862686216831207,0.9980926513671875,0.6281300187110901,0.4288448095321655,0.8275952339172363,0.5782327055931091,0.6371835470199585,0.7619459629058838,0.7065057158470154,0.2709740400314331,,0.005661049159243703,2.879137625894777e-05,0.04527011886239052,1375.7268138618526,2.2130343003429207
full_r3_stft,44,0.6240584713303325,0.05514614284038544,0.7779056386651323,0.02965979091823101,28,0.6512778143915587,,0.9291229248046875,0.6621734499931335,0.20230528712272644,0.20687589049339294,0.3563770353794098,0.8313717842102051,0.3859059810638428,0.4873807728290558,0.6198618412017822,0.9992609024047852,0.04870632663369179,0.9999948740005493,0.6645485162734985,0.15033955872058868,0.13893623650074005,0.9978384971618652,0.7207822799682617,0.517243504524231,,0.03526584506034851,0.00015498643900500091,0.02965979091823101,-36.17125563976183,1.625472448908562
full_r3_stft,45,0.382041140438997,0.07255710661411285,0.766398158803222,0.04113616794347763,19,0.6835280915480696,,0.8213721513748169,0.9063403010368347,0.1594664305448532,0.0609423890709877,0.6783066391944885,0.5473828315734863,0.35996633768081665,0.8237556219100952,0.8912455439567566,0.9999843239784241,0.05133631452918053,0.8520646095275879,0.8901024460792542,0.23164571821689606,0.15411949157714844,0.998633623123169,0.7484764456748962,0.8388907313346863,,0.025623374804854392,0.00012685309424249788,0.04113616794347763,122.28943337147832,2.6838619235439234
full_r3_stft,46,0.5979775748163438,0.07664681226015091,0.7905638665132336,0.021892502903938293,12,0.6124898987217828,,0.9656446576118469,0.5431568622589111,0.6579715609550476,0.5845677256584167,0.9034401178359985,0.4937366545200348,0.7397246956825256,0.4552774727344513,0.5227542519569397,0.9999998807907104,0.7081400752067566,0.6960691213607788,0.9421818852424622,0.2732807993888855,0.3239547610282898,0.9806247353553772,0.893754780292511,0.4703579246997833,,0.0024998091044835745,3.080552663117062e-05,0.021892502903938293,629.5199365399667,2.994114697980975
full_r3_stft,47,0.5900942872130487,0.1103980615735054,0.7744533947065593,0.031420279294252396,13,0.6444477896217509,,0.9666891098022461,0.40222835540771484,0.5126522779464722,0.4930596351623535,0.8148530721664429,0.45280730724334717,0.746687114238739,0.381594181060791,0.3966328501701355,0.9999603629112244,0.6338740587234497,0.8486016392707825,0.9325555562973022,0.5808265209197998,0.6132282018661499,0.9971203207969666,0.8408053517341614,0.38462328910827637,,0.0044832566753029825,3.58626892293506e-05,0.031420279294252396,751.1155032341585,2.4862996813109755
full_r3_stft,48,0.5587588570726145,0.06538375467061996,0.7997698504027618,0.02163558080792427,33,0.6718530919708097,,0.9672884941101074,0.7414402365684509,0.4158321022987366,0.3394377827644348,0.9004752039909363,0.8145105838775635,0.5969729423522949,0.7069984078407288,0.7352691888809204,0.9921430945396423,0.3023127317428589,0.23107390105724335,0.8942679166793823,0.1864406317472458,0.23577749729156494,0.9969398975372314,0.8873254656791687,0.7132761478424072,,0.018395075015723704,0.0001152944955393104,0.02163558080792427,28.10633542335384,1.7124595739644421
full_r3_stft,49,0.5217396237529632,0.06694453954696655,0.7848101265822784,0.03540663793683052,24,0.677550957225391,,0.9268481731414795,0.6813298463821411,0.47679704427719116,0.6264855861663818,0.852662205696106,0.893994152545929,0.8583458662033081,0.6570046544075012,0.6765890121459961,0.8228386640548706,0.7755023837089539,0.6400337219238281,0.9207664132118225,0.2875996232032776,0.38871580362319946,0.9862856864929199,0.871228814125061,0.6615002155303955,,0.011949980817735194,9.546406104455225e-05,0.03540663793683052,245.7119110241539,2.6030074427426038
full_r3_stft,50,0.5280137483993227,0.06802364438772202,0.7951668584579977,0.07561636716127396,24,0.6805978478367204,,0.7217660546302795,0.5992687940597534,0.4069109559059143,0.5681344270706177,0.736207127571106,0.6534390449523926,0.7473640441894531,0.4933333098888397,0.5786166787147522,0.9043711423873901,0.7712612152099609,0.28366440534591675,0.8463855385780334,0.7510609030723572,0.7483704686164856,0.9622265100479126,0.7487750053405762,0.5127487182617188,,0.026756198890507222,3.843863968560103e-05,0.07561636716127396,1271.121127055608,2.206178368073391
full_r3_stft,51,0.4531988080222348,0.08958710730075836,0.7905638665132336,0.05731021240353584,24,0.6804164123623919,,0.8917405009269714,0.3253728747367859,0.39337703585624695,0.464385449886322,0.8314868807792664,0.7977495789527893,0.7680249214172363,0.2509881258010864,0.3068821132183075,0.8774927258491516,0.729919970035553,0.22146809101104736,0.8617929816246033,0.7368370890617371,0.7700008153915405,0.8906188011169434,0.8113638162612915,0.26405519247055054,,0.018847352545708417,7.16515839106225e-05,0.05731021240353584,536.8040344928256,2.6141879939942667
full_r4_entmax,42,0.3257308110410877,0.004327104426920414,0.7917146144994246,0.0338917002081871,27,0.504276427563795,,0.0022002863697707653,0.7618036866188049,0.01695030741393566,0.0036876830272376537,0.6994887590408325,0.5274975299835205,0.4601988196372986,0.7620680332183838,0.7627028226852417,0.14700882136821747,0.018023692071437836,0.19802626967430115,0.9448511004447937,0.8431801199913025,0.8632142543792725,0.007363750599324703,0.2557526230812073,0.7623339891433716,,0.01300456803292036,0.00018108308537271537,0.0338917002081871,115.3455719893998,1.3309297682967223
full_r4_entmax,43,0.06618643546049985,0.0035137708764523268,0.7721518987341772,0.007619000039994717,31,0.5502138514611884,,0.9929320812225342,0.9966201186180115,0.2971346378326416,0.2535683214664459,0.9931463003158569,0.9883622527122498,0.7856444120407104,0.9963743090629578,0.996581494808197,1.0,0.0722108706831932,6.27379529987848e-19,0.996384859085083,0.001971867401152849,0.0023223021999001503,0.302996426820755,0.982378363609314,0.996421217918396,,0.001868501800345257,0.0001094624104344922,0.007619000039994717,52.53399924494489,1.4568456972920516
full_r4_entmax,44,0.34020693279108993,0.0035175634548068047,0.7779056386651323,0.038929056376218796,27,0.5555560703369627,,0.9946086406707764,0.5359150767326355,0.47124770283699036,0.32414117455482483,0.794701337814331,0.8923749327659607,0.38578760623931885,0.38398465514183044,0.5048678517341614,0.03641285002231598,0.06682421267032623,4.955834951528077e-38,0.965487539768219,0.8709125518798828,0.8931547403335571,0.9208881855010986,0.9353556036949158,0.41146019101142883,,0.015656784642487764,0.0002472798626401805,0.038929056376218796,94.11308867265777,0.9682812932211096
full_r4_entmax,45,0.22253853697180917,0.0028031221590936184,0.7813578826237054,0.030849957838654518,27,0.5597798929324868,,0.023457668721675873,0.9312867522239685,0.05701366066932678,0.1524767279624939,0.970507800579071,0.7735192775726318,0.37902340292930603,0.9255258440971375,0.9303287267684937,0.9044233560562134,0.9187869429588318,3.6076128751005854e-09,0.9496486186981201,0.32202476263046265,0.24829097092151642,0.02403210662305355,0.11481766402721405,0.9266020655632019,,0.006934415572322905,0.00012502340121129727,0.030849957838654518,191.28852553470648,1.6140134434415567
full_r4_entmax,46,0.2221538811237448,0.0031273318454623222,0.7686996547756041,0.05066636577248573,40,0.622912373566489,,0.9991258978843689,0.8517807126045227,0.7362787127494812,0.812882125377655,0.9094885587692261,0.34378570318222046,0.4613340497016907,0.8448064923286438,0.8505973815917969,0.6819586753845215,0.45808786153793335,6.151468782733581e-16,0.9126511216163635,0.15157927572727203,0.08293895423412323,0.9998776912689209,0.9350358247756958,0.8460964560508728,,0.02698502689599991,0.0002559481335669015,0.05066636577248573,92.52397528334332,0.6917474310470488
full_r4_entmax,47,0.31307754738474397,0.0028917600866407156,0.7779056386651323,0.020138723775744438,38,0.5104739130453946,,0.94205641746521,0.23933619260787964,0.8612636923789978,0.9010890126228333,0.636796772480011,0.030045809224247932,0.8821812868118286,0.22525492310523987,0.23614726960659027,0.16902029514312744,0.9050142765045166,1.502747156727664e-34,0.94100421667099,0.9358665943145752,0.9340104460716248,1.281055347135407e-06,0.9235844016075134,0.2276793271303177,,0.007538020797073841,0.00010726495508877293,0.020138723775744438,117.47269041197578,0.9874202153561398
full_r4_entmax,48,0.3688564208086654,0.0034380562137812376,0.7779056386651323,0.05766677111387253,32,0.6264997990831902,,0.018999185413122177,0.8341151475906372,0.1951781064271927,0.052078865468502045,0.7986817955970764,0.7846556901931763,0.38033798336982727,0.8343643546104431,0.833538293838501,0.9371230602264404,0.3876316547393799,9.164410128396904e-25,0.9239063858985901,0.7188336253166199,0.6763232350349426,0.9468527436256409,0.2054133266210556,0.8342006802558899,,0.015866109821945428,0.00013187189320319252,0.05766677111387253,316.9793043809568,1.1249332422445528
full_r4_entmax,49,0.23321301652101284,0.0026793661527335644,0.7813578826237054,0.03603542968630791,24,0.6126741611869425,,0.9385231137275696,0.08996441960334778,0.5834906697273254,0.5669069290161133,0.8284381031990051,0.03486719727516174,0.8513937592506409,0.1432657390832901,0.09884631633758545,0.9999957084655762,0.8496837019920349,0.5462301969528198,0.9331629872322083,0.9331547021865845,0.9415923953056335,0.9074578285217285,0.9146081209182739,0.13323943316936493,,0.013371833134442568,0.00024869166569585916,0.03603542968630791,91.1313067018932,4.866030366323397
full_r4_entmax,50,0.36540817826787114,0.002806212520226836,0.7871116225546605,0.0594506561756134,38,0.5484790992528226,,0.98525071144104,0.7629672884941101,0.6248002648353577,0.6831918358802795,0.7285960912704468,0.6026091575622559,0.6497910022735596,0.7360775470733643,0.7563517093658447,0.027008673176169395,0.734826922416687,5.4984012134995375e-14,0.13592620193958282,0.9511619210243225,0.9458990097045898,0.6608043313026428,0.9170903563499451,0.7406530976295471,,0.01586073557846248,0.0002091868726502455,0.0594506561756134,208.3778959765517,1.3193235818820606
full_r4_entmax,51,0.3057541862105241,0.0025301845744252205,0.7721518987341772,0.025138281285762787,31,0.6101613017171212,,0.9988310933113098,0.44215473532676697,0.6120637655258179,0.8393731713294983,0.9465645551681519,0.9531918168067932,0.8384461998939514,0.3615880310535431,0.42096906900405884,1.0,0.855164110660553,7.5333929786967e-20,0.9706456661224365,0.023206619545817375,0.07221276313066483,0.7086203694343567,0.9354885220527649,0.37532806396484375,,0.011377240298315883,0.00018421413811223224,0.025138281285762787,74.70132886522357,1.2034492746698902
full_r4_lstm,42,0.531051606833235,0.859626293182373,0.7756041426927502,0.022096948698163033,23,0.6898753678522521,,0.9816040992736816,0.7311615347862244,0.36417487263679504,0.5823240280151367,0.8159161806106567,0.8275740146636963,0.7699437141418457,0.5061293840408325,0.6884781122207642,0.25119534134864807,0.8506448268890381,1.2684520100947339e-09,0.9343403577804565,0.14048635959625244,0.24546967446804047,0.9995712637901306,0.8914470672607422,0.5474482774734497,,0.00561707413289696,8.654430092955236e-05,0.022096948698163033,190.42125475436617,1.1086311981919992
full_r4_lstm,43,0.6081721543749108,0.7180244326591492,0.7871116225546605,0.02663865126669407,13,0.6182673569159657,,0.5254924893379211,0.7251136302947998,0.45734256505966187,0.11674363911151886,0.7909401655197144,0.6682409644126892,0.8235730528831482,0.621253252029419,0.7058444023132324,0.463277667760849,0.11500614881515503,1.0477021810881282e-12,0.8940606117248535,0.379059374332428,0.4299754500389099,0.9751308560371399,0.8118143677711487,0.6403254866600037,,0.0041800874285399916,8.721194772393144e-05,0.02663865126669407,257.51705089455623,1.8531446482624478
full_r4_lstm,44,0.6079107525568755,0.7228137254714966,0.7825086306098964,0.034842122346162796,13,0.6696485094277921,,0.8869435787200928,0.5362839698791504,0.3829258978366852,0.17130613327026367,0.5791451930999756,0.6978538036346436,0.8803183436393738,0.38253259658813477,0.5017528533935547,0.9240596890449524,0.8084359765052795,5.0419397823464607e-11,0.8921892642974854,0.6001826524734497,0.6185240149497986,0.8922433853149414,0.7832897305488586,0.40968891978263855,,0.00923341317102313,0.00011191550584229824,0.034842122346162796,228.82181297025505,3.4853191826645684
full_r4_lstm,45,0.5318202187370819,0.8243216872215271,0.7790563866513234,0.03836820647120476,29,0.6536926128147448,,0.9144211411476135,0.8504147529602051,0.2844095528125763,0.06803163141012192,0.6526455879211426,0.522339403629303,0.3539845645427704,0.7266461253166199,0.829312264919281,0.0037701705005019903,0.10942760854959488,2.2219517337163097e-09,0.818081796169281,0.24935811758041382,0.2825634777545929,0.9894710183143616,0.8823418021202087,0.7497707605361938,,0.0076070381328463554,9.093385669910211e-05,0.03836820647120476,338.28069232635386,1.8125400991776348
full_r4_lstm,46,0.5280278638759531,0.7903319597244263,0.7974683544303798,0.05208679288625717,31,0.6442729336269056,,0.9825859665870667,0.8349054455757141,0.29626280069351196,0.48834773898124695,0.7087070941925049,0.7297475934028625,0.8206901550292969,0.7362858057022095,0.8169985413551331,0.008498013950884342,0.6737639904022217,7.251113629536121e-07,0.8537153601646423,0.4768122434616089,0.5200642943382263,0.9986259341239929,0.8878607749938965,0.7545908093452454,,0.01176629364490509,0.00010043513985949638,0.05208679288625717,401.45808425517515,1.903541648943061
full_r4_lstm,47,0.5308567334699291,0.8323800563812256,0.7721518987341772,0.023551316931843758,31,0.6245908351769598,,0.8891416192054749,0.3835778534412384,0.43304988741874695,0.6246830821037292,0.777373731136322,0.8446194529533386,0.7974380254745483,0.2822990417480469,0.3580613434314728,0.06863774359226227,0.8285632729530334,1.7560594756105274e-07,0.9154285788536072,0.1569616049528122,0.2607589662075043,0.993761420249939,0.8482279181480408,0.2997377812862396,,0.006150780175812542,9.515297581732384e-05,0.023551316931843758,182.86907396956204,1.5057003709164523
full_r4_lstm,48,0.4663550132387703,0.776293158531189,0.7721518987341772,0.024337612092494965,18,0.6282622679960418,,0.8972799777984619,0.910853385925293,0.25969868898391724,0.012363833375275135,0.8095247149467468,0.8077297210693359,0.35545486211776733,0.7864970564842224,0.8931204080581665,0.7828186750411987,0.09339764714241028,8.186646360819338e-10,0.9416066408157349,0.1684998869895935,0.2909063398838043,0.8698825836181641,0.8247748017311096,0.8103393316268921,,0.005311256740242243,5.0370553621408246e-05,0.024337612092494965,377.72773191117955,1.9942232919638079
full_r4_lstm,49,0.5797000621647042,0.7784864902496338,0.7790563866513234,0.03097466565668583,13,0.6089051326206296,,0.90733802318573,0.4247805178165436,0.23653145134449005,0.0006940824678167701,0.8180220723152161,0.6800857782363892,0.7525825500488281,0.32299384474754333,0.401867151260376,8.631833026129243e-10,0.695117175579071,0.09479578584432602,0.9178953766822815,0.5997588038444519,0.6188352704048157,0.9894973635673523,0.8152375817298889,0.3409966230392456,,0.009169553127139806,9.194330036481865e-05,0.03097466565668583,237.15825085534257,2.1613698133824037
full_r4_lstm,50,0.25618389127586866,0.5053774118423462,0.7802071346375143,0.008524514734745026,12,0.49364613095027227,,0.9704279899597168,0.977321982383728,0.4957270920276642,0.04590106010437012,0.6364296078681946,0.9151101112365723,0.3553144335746765,0.9550372958183289,0.9738175272941589,0.27611953020095825,0.057570505887269974,0.05716104432940483,0.9435246586799622,0.031836122274398804,0.03301779553294182,0.91429603099823,0.9496814608573914,0.9592564105987549,,0.0016435274854302406,4.180956589877746e-05,0.008524514734745026,164.5792520638617,3.7818067287355945
full_r4_lstm,51,0.5961808049568442,0.8460192084312439,0.7721518987341772,0.028944309800863266,39,0.6463851317270708,,0.9898701310157776,0.7299284934997559,0.2907472252845764,0.08044350892305374,0.6622269153594971,0.5421328544616699,0.42473331093788147,0.3896133303642273,0.6543874740600586,0.2340267151594162,0.2528158724308014,2.7962571494399846e-13,0.9050074219703674,0.7400659322738647,0.7346557378768921,0.9920510053634644,0.8892762064933777,0.4496763050556183,,0.00885750651359558,8.619799456835371e-05,0.028944309800863266,233.03097890877467,1.1883591225905479
full_r4_sparsemax,42,0.299830411276554,0.0064371367916464806,0.7859608745684695,0.06737110018730164,29,0.5600572086277942,,0.5725478529930115,0.8064357042312622,0.26346421241760254,0.003207616275176406,0.6200266480445862,0.8941067457199097,0.3696140944957733,0.7883085012435913,0.8022043704986572,0.940051257610321,0.018003366887569427,0.0,0.899993896484375,0.5795968770980835,0.6269599199295044,0.8811311721801758,0.7337580323219299,0.7914478778839111,,0.022578534483909608,0.00029481102372979414,0.06737110018730164,151.93653542789377,1.684060847554487
full_r4_sparsemax,43,0.2540955169483823,0.006647423841059208,0.7859608745684695,0.04745873063802719,24,0.6075836556749744,,0.970263659954071,0.815210223197937,0.8072670698165894,0.8285807967185974,0.9211525321006775,0.9521803259849548,0.884222686290741,0.8178454041481018,0.8150708675384521,0.990572452545166,0.83608078956604,0.010480675846338272,0.9237223267555237,0.07991929352283478,0.15012183785438538,0.9979913234710693,0.9000117778778076,0.8172006607055664,,0.019508305564522745,0.00024634288880846333,0.04745873063802719,113.46146460828027,1.4768350841985505
full_r4_sparsemax,44,0.546776331499426,0.005913456901907921,0.7917146144994246,0.029485981911420822,31,0.6200462936608733,,0.9434110522270203,0.6584194302558899,0.5429393649101257,0.2771678864955902,0.7016816735267639,0.87370765209198,0.47080063819885254,0.5227494835853577,0.6341813206672668,6.084048348263928e-15,0.39172253012657166,1.3061474124498318e-10,0.95302414894104,0.42095449566841125,0.3826484680175781,0.7901447415351868,0.908769428730011,0.5478180646896362,,0.00821125814691186,0.00018402365100123231,0.029485981911420822,115.6086379829398,1.085253618061488
full_r4_sparsemax,45,0.29750010428883444,0.006403423845767975,0.7790563866513234,0.023396801203489304,24,0.5527127132794032,,0.011799432337284088,0.973402738571167,0.07496045529842377,0.35734522342681885,0.981682300567627,0.6219061017036438,0.4625808596611023,0.9528107047080994,0.9701462984085083,0.7740128040313721,0.7524976134300232,1.6623597502984921e-06,0.9848416447639465,0.4405048191547394,0.4593724012374878,0.9992020130157471,0.17379073798656464,0.9567016959190369,,0.004508617939427495,0.0001375042772765154,0.023396801203489304,137.3643315015876,4.414133610099364
full_r4_sparsemax,46,0.21225710872276182,0.00499701639637351,0.7733026467203682,0.04933656379580498,31,0.5940312974202879,,0.9710249304771423,0.9025435447692871,0.8879297971725464,0.8761368989944458,0.8596844673156738,0.826283872127533,0.8477610349655151,0.8981452584266663,0.9013127684593201,0.01406068541109562,0.8249702453613281,1.4906389382389473e-13,0.9056167006492615,0.02655908465385437,0.11479038745164871,0.7266022562980652,0.9319972395896912,0.898876428604126,,0.022413885779678823,0.0002542591922550669,0.04933656379580498,105.88674364713314,2.8467495426249623
full_r4_sparsemax,47,0.5507944735108293,0.00633136136457324,0.7779056386651323,0.039771705865859985,16,0.6578359121555101,,0.9721072912216187,0.5243493914604187,0.7469710111618042,0.7031499743461609,0.7999581694602966,0.47097599506378174,0.8187745213508606,0.4024454355239868,0.4964669346809387,0.9998408555984497,0.794747531414032,1.7799046741692748e-12,0.892889678478241,0.46840426325798035,0.5735346674919128,0.985536515712738,0.8714469075202942,0.42398372292518616,,0.010094739124178886,0.00015500214462341213,0.039771705865859985,191.46165120696608,3.27766542863127
full_r4_sparsemax,48,0.40091835470463394,0.006605984643101692,0.7813578826237054,0.05645396560430527,26,0.5572850299543194,,0.9418092966079712,0.8827228546142578,0.5417728424072266,0.4577830135822296,0.7308073043823242,0.7805138230323792,0.5399472713470459,0.8888420462608337,0.884026825428009,0.8634364604949951,0.8835346102714539,1.3594623169410625e-06,0.9396358132362366,0.5028191208839417,0.5563801527023315,0.4620034694671631,0.7977600693702698,0.8877305388450623,,0.009768713684752583,0.00015007288252276326,0.05645396560430527,311.0838602129704,0.6637556025591216
full_r4_sparsemax,49,0.46653069898084876,0.005913878325372934,0.7859608745684695,0.03745962306857109,31,0.601914450115204,,0.9801841974258423,0.7339624166488647,0.8049667477607727,0.8409590721130371,0.8464426398277283,0.6821162700653076,0.8410705327987671,0.615185022354126,0.7095381617546082,0.6203525066375732,0.8478154540061951,3.5584864915838565e-11,0.9606263041496277,0.4139655530452728,0.5637229084968567,0.9969542622566223,0.9443897008895874,0.6366443634033203,,0.012925374554470181,0.00015371705193231432,0.03745962306857109,159.6065501262504,1.7475217115185764
full_r4_sparsemax,50,0.3744323459305009,0.006719626486301422,0.7686996547756041,0.043792724609375,20,0.5432799835200832,,0.9958114624023438,0.18854160606861115,0.6798996329307556,0.5988271236419678,0.8098658919334412,0.8225776553153992,0.8557421565055847,0.1109142005443573,0.16897454857826233,0.8641766905784607,0.7823684811592102,2.2837164124211995e-06,0.8589100241661072,0.7134568691253662,0.7251637578010559,0.9556659460067749,0.8655074834823608,0.12428774684667587,,0.014804377965629101,0.00019969042441055526,0.043792724609375,145.16643241230548,2.1331019105318894
full_r4_sparsemax,51,0.17300671720818828,0.004493423737585545,0.7790563866513234,0.03263796120882034,43,0.6823720026880084,,0.8979844450950623,0.983654260635376,0.730502188205719,0.7107787132263184,0.8859231472015381,0.7688444256782532,0.8278371095657349,0.9759746193885803,0.9822787642478943,0.3149767518043518,0.7770676016807556,7.987512318230472e-10,0.9735993146896362,0.003013570560142398,0.02905813604593277,0.743971049785614,0.9108041524887085,0.977418065071106,,0.011187324533239007,0.00015035510918617485,0.03263796120882034,142.66649566496557,3.5569953362144116
full,42,0.5881329966116099,0.07354167103767395,0.7848101265822784,0.02972945012152195,25,0.6475576016485527,,0.8226794004440308,0.8323180675506592,0.20167489349842072,0.23106621205806732,0.6689217686653137,0.7766656279563904,0.35824379324913025,0.6329701542854309,0.8001922369003296,0.022024385631084442,0.12635473906993866,2.065160126241139e-10,0.8603885173797607,0.40873900055885315,0.4385454058647156,0.9309858679771423,0.8612139821052551,0.6705610156059265,,0.0061860715737566355,0.00010022042448083072,0.02972945012152195,234.9159708194263,2.57917625459738
full,43,0.5702594936136234,0.05899381637573242,0.7675489067894131,0.019351216033101082,13,0.5923379854036688,,0.9709668159484863,0.33458876609802246,0.5245565176010132,0.08708330988883972,0.7855886816978455,0.8011621236801147,0.3627478778362274,0.3853035867214203,0.3460797965526581,8.539887858205475e-06,0.07157055288553238,6.214538974570749e-13,0.9118759036064148,0.4465354084968567,0.5351225137710571,0.7743093967437744,0.8869940042495728,0.3763551414012909,,0.005977280880324542,7.181564753096617e-05,0.019351216033101082,186.2259190907374,1.9550267154893264
full,44,0.6079263813260534,0.07140818238258362,0.7686996547756041,0.01746809296309948,19,0.6161723381258837,,0.9175615310668945,0.5496798753738403,0.4740832448005676,0.04777638241648674,0.7605808973312378,0.6975415945053101,0.4280719757080078,0.5020772814750671,0.5388243794441223,0.44937965273857117,0.037946052849292755,1.7440061128581874e-05,0.9267551302909851,0.38665851950645447,0.4403155744075775,0.9631247520446777,0.9257367253303528,0.5104482769966125,,0.004495098162442446,6.360442840780292e-05,0.01746809296309948,203.963700664305,1.7038012391149926
full,45,0.2988091350129726,0.07830902189016342,0.7767548906789413,0.02728458121418953,24,0.5826892535794328,,0.4066985547542572,0.9348776340484619,0.21413554251194,0.0090385926887393,0.8169812560081482,0.7498077154159546,0.36534345149993896,0.9142536520957947,0.9309537410736084,0.006229551974684,0.01968354359269142,1.071766746463254e-06,0.9423945546150208,0.15133251249790192,0.15481935441493988,0.9504461288452148,0.7234440445899963,0.9180301427841187,,0.004952371981926262,0.00010718558469567764,0.02728458121418953,208.35086254665896,3.0101627527504315
full,46,0.4982304024198661,0.06124979630112648,0.7813578826237054,0.019759850576519966,17,0.6735675299486789,,0.941472589969635,0.8368094563484192,0.5049086809158325,0.16557380557060242,0.815654993057251,0.8885650634765625,0.42165446281433105,0.7916916012763977,0.8295679092407227,0.6593406200408936,0.10405699163675308,3.9537465827710244e-20,0.9585229158401489,0.3436707556247711,0.37531301379203796,0.9858661890029907,0.9140236377716064,0.800261378288269,,0.0038863737951032816,8.547016535855113e-05,0.019759850576519966,185.71950257855764,1.3379069468004428
full,47,0.5382153963685931,0.09450981765985489,0.7698504027617952,0.038732193410396576,24,0.6258030413278848,,0.6102944016456604,0.7698742747306824,0.2800411581993103,0.3092397451400757,0.8694226145744324,0.7816071510314941,0.7499545216560364,0.6187240481376648,0.7425087094306946,0.9001643657684326,0.6792933344841003,4.698709869403522e-15,0.9456048607826233,0.5327734351158142,0.5344222784042358,0.9971436262130737,0.8030106425285339,0.6466299295425415,,0.0064777782652527096,0.00010261821130931526,0.038732193410396576,314.31472464090024,2.082870412692696
full,48,0.5930088874200126,0.061155401170253754,0.7767548906789413,0.030849000439047813,19,0.5853612042772602,,0.8229608535766602,0.776452898979187,0.42152276635169983,0.24786150455474854,0.6724098920822144,0.7562254071235657,0.6431862711906433,0.6431624889373779,0.750565230846405,0.7104804515838623,0.22838446497917175,2.5694659075723013e-24,0.9588692784309387,0.3062768578529358,0.4076208770275116,0.9589372277259827,0.857031524181366,0.6676520109176636,,0.00762721048668027,8.97968687686738e-05,0.030849000439047813,258.60355725304595,2.831359380682043
full,49,0.4838936734480203,0.06156894937157631,0.7756041426927502,0.020378505811095238,18,0.7042923173743207,,0.9375808238983154,0.8462291955947876,0.30410513281822205,0.16439096629619598,0.8036748766899109,0.7424675226211548,0.7572461366653442,0.6915873885154724,0.817162036895752,0.958577036857605,0.805999755859375,0.0007182634435594082,0.9504285454750061,0.04752492532134056,0.10785894095897675,0.9978169202804565,0.8833590745925903,0.7200605273246765,,0.004841699078679085,8.392208640836449e-05,0.020378505811095238,185.13370213033576,2.427923459266756
full,50,0.6254646124712193,0.05836520344018936,0.7675489067894131,0.032104261219501495,21,0.6204758742603881,,0.9296488761901855,0.8208005428314209,0.2772926688194275,0.4769931733608246,0.6971350908279419,0.6354507803916931,0.813534677028656,0.6580809950828552,0.7914130091667175,0.9282990097999573,0.7880205512046814,1.4442379381307546e-07,0.9239023923873901,0.463852196931839,0.49094438552856445,0.977818489074707,0.8194277286529541,0.6882196068763733,,0.00664989510551095,0.00010176725608688681,0.032104261219501495,250.12333871058476,1.8455315888272499
full,51,0.5651884667134054,0.0743137076497078,0.7756041426927502,0.02683200128376484,21,0.6808139644402404,,0.9574053883552551,0.7590879797935486,0.44776779413223267,0.6339373588562012,0.6048768162727356,0.8355669379234314,0.8165807127952576,0.6329630017280579,0.7349256277084351,0.9978399276733398,0.8311192393302917,1.2414197447796482e-09,0.9377739429473877,0.2295396625995636,0.2901507318019867,0.9943518042564392,0.9144191741943359,0.6559972167015076,,0.005606781109236181,7.492016511234331e-05,0.02683200128376484,283.3044996550234,1.938164586861228
r1_wo_spectral,42,,0.08617335557937622,0.7940161104718066,,17,0.6919321905095934,,,,,,,,,,,,,,,,,,,,,,,,,
r1_wo_spectral,43,,0.09489316493272781,0.7767548906789413,,30,0.7107523262302888,,,,,,,,,,,,,,,,,,,,,,,,,
r1_wo_spectral,44,,0.092702217400074,0.7974683544303798,,19,0.7064548180589547,,,,,,,,,,,,,,,,,,,,,,,,,
r1_wo_spectral,45,,0.13049007952213287,0.7802071346375143,,40,0.6760658354620162,,,,,,,,,,,,,,,,,,,,,,,,,
r1_wo_spectral,46,,0.1346636414527893,0.7790563866513234,,34,0.7025268403569745,,,,,,,,,,,,,,,,,,,,,,,,,
r1_wo_spectral,47,,0.1197008267045021,0.7917146144994246,,31,0.6833341717935797,,,,,,,,,,,,,,,,,,,,,,,,,
r1_wo_spectral,48,,0.09421411901712418,0.7928653624856157,,26,0.7093399440529409,,,,,,,,,,,,,,,,,,,,,,,,,
r1_wo_spectral,49,,0.07228529453277588,0.7779056386651323,,13,0.6059040536567447,,,,,,,,,,,,,,,,,,,,,,,,,
r1_wo_spectral,50,,0.12626902759075165,0.7940161104718066,,27,0.7036729509057135,,,,,,,,,,,,,,,,,,,,,,,,,
r1_wo_spectral,51,,0.13342046737670898,0.7905638665132336,,33,0.6834599769352274,,,,,,,,,,,,,,,,,,,,,,,,,
wo_dynamic_gating,42,0.5382965836015862,0.16440412402153015,0.7756041426927502,0.029767826199531555,13,0.61424762031604,,0.7201657295227051,0.1941094696521759,0.3396659195423126,0.16925229132175446,0.8052588701248169,0.7127830386161804,0.7374211549758911,0.13811548054218292,0.18005086481571198,0.00019996892660856247,0.6037657856941223,9.082608797006397e-12,0.8986591696739197,0.5831665992736816,0.6235798001289368,0.9212961196899414,0.7343938946723938,0.14769196510314941,,0.007656097994185984,0.0001083935360582151,0.029767826199531555,203.994894949041,2.1250192365695297
wo_dynamic_gating,43,0.6080992476279599,0.16714614629745483,0.7928653624856157,0.027605576440691948,13,0.5625227309344899,,0.8860508799552917,0.6717751026153564,0.5191563367843628,0.02311559021472931,0.7825022339820862,0.731285810470581,0.7919012904167175,0.46832725405693054,0.6279498338699341,0.0002070727205136791,0.09813331812620163,6.422036080006022e-12,0.8851662278175354,0.5987311601638794,0.5724077820777893,0.8522379994392395,0.883655846118927,0.5046208500862122,,0.007418792718090117,8.57794735660032e-05,0.027605576440691948,235.33349702520115,2.5359494240459197
wo_dynamic_gating,44,0.5614470180015932,0.1579941064119339,0.7974683544303798,0.02131773717701435,17,0.6262393820130147,,0.9493170380592346,0.8503599166870117,0.5745234489440918,0.15256190299987793,0.724948525428772,0.7898267507553101,0.7748392820358276,0.731779158115387,0.8355578780174255,0.2491748034954071,0.7282732725143433,5.471924851008225e-07,0.9525043368339539,0.30896899104118347,0.4057343006134033,0.9766867160797119,0.9095081090927124,0.7548516392707825,,0.005175927514210343,6.515962595376399e-05,0.02131773717701435,247.72716507812302,1.566464421056477
wo_dynamic_gating,45,0.5097215932838731,0.08907508850097656,0.7652474108170311,0.021918920800089836,12,0.5366839984428624,,0.9221913814544678,0.6104678511619568,0.6672503352165222,0.096401646733284,0.8355230689048767,0.7727680802345276,0.6843181848526001,0.3087063133716583,0.5488702058792114,5.611310083253329e-09,0.015611478127539158,0.009058898314833641,0.919002115726471,0.8183533549308777,0.814198911190033,0.9631099104881287,0.8942747712135315,0.36327555775642395,,0.006859859265387058,8.28233125021345e-05,0.021918920800089836,181.82152944550668,1.683526268046601
wo_dynamic_gating,46,0.4587916804659324,0.19519563019275665,0.7779056386651323,0.016789639368653297,19,0.5859001468052342,,0.9569225311279297,0.9416153430938721,0.2516229748725891,0.08716711401939392,0.821147084236145,0.6729247570037842,0.47148895263671875,0.8756384253501892,0.9319764375686646,0.12012837082147598,0.20313049852848053,5.662566212856789e-18,0.9017121195793152,0.0722234919667244,0.11599384993314743,0.9994465112686157,0.8575137257575989,0.8883793950080872,,0.0039918584981933234,7.655597923875938e-05,0.016789639368653297,167.16892436811372,1.511660428828177
wo_dynamic_gating,47,0.5593453456070682,0.19429659843444824,0.7894131185270425,0.032100971788167953,31,0.7077119225684834,,0.9672197699546814,0.5446059107780457,0.5063333511352539,0.5249407887458801,0.5171727538108826,0.826657772064209,0.8608465790748596,0.3991636037826538,0.510640561580658,0.917950451374054,0.7162278294563293,5.216957976728054e-09,0.9491123557090759,0.368622362613678,0.4352841377258301,0.9983717203140259,0.900822103023529,0.42465266585350037,,0.007839545281603933,7.503006622624974e-05,0.032100971788167953,323.3560544921918,1.170026845500475
wo_dynamic_gating,48,0.3638088116376392,0.1399327516555786,0.7640966628308401,0.014890027232468128,15,0.5041733869212212,,0.9111738204956055,0.9542770385742188,0.22106876969337463,0.01939236931502819,0.6799131035804749,0.9075405597686768,0.3287489414215088,0.9079331755638123,0.9470658898353577,0.9199296236038208,0.01890081912279129,3.975328945671208e-05,0.9041855335235596,0.08493509888648987,0.17215093970298767,0.8308565616607666,0.8836267590522766,0.9167583584785461,,0.0030890153138898313,5.374005089863252e-05,0.014890027232468128,219.5943528457699,1.8590630118719038
wo_dynamic_gating,49,0.580593564778427,0.31876617670059204,0.7710011507479861,0.02535490319132805,39,0.7005809975606752,,0.9593045115470886,0.6407513618469238,0.2933705747127533,0.1962764710187912,0.6606065034866333,0.7578392624855042,0.8503424525260925,0.483426958322525,0.6066365838050842,0.9996667504310608,0.8036270141601562,0.019572116434574127,0.951593816280365,0.45138785243034363,0.4846424162387848,0.9895020723342896,0.8869609832763672,0.5115717053413391,,0.0065982531523332,7.914670694831761e-05,0.02535490319132805,236.9858522889271,1.6991546556029276
wo_dynamic_gating,50,0.5147027293996412,0.14958824217319489,0.7928653624856157,0.02401362732052803,17,0.6919638730911265,,0.8670872449874878,0.8753265738487244,0.24878762662410736,0.05178886651992798,0.6561636328697205,0.7420707941055298,0.36615729331970215,0.8140987157821655,0.8650799989700317,0.07097898423671722,0.07487697154283524,3.7307850764885936e-14,0.9395057559013367,0.7184796333312988,0.7479221224784851,0.9353585243225098,0.8744711875915527,0.8256440758705139,,0.005882349703460932,8.794329207294409e-05,0.02401362732052803,206.17010102212356,1.5681588499669794
wo_dynamic_gating,51,0.5761328907261479,0.11531753093004227,0.766398158803222,0.03429129719734192,21,0.6198198920492555,,0.9224222898483276,0.8714181780815125,0.4960877597332001,0.18398946523666382,0.7129104733467102,0.6545266509056091,0.6698336601257324,0.7685880064964294,0.852274477481842,0.4124886989593506,0.5519034266471863,3.047725613214425e-06,0.882039487361908,0.4413811266422272,0.5521710515022278,0.980474591255188,0.9043470621109009,0.7874924540519714,,0.00626647260505706,8.47370302275373e-05,0.03429129719734192,330.7270054934085,1.6098635302823805
wo_fusion,42,,0.06611013412475586,0.7894131185270425,,38,0.7091083941540162,,,,,,,,,,,,,,,,,,,,,,,,,1.1062023237229237
wo_fusion,43,,0.07454464584589005,0.7813578826237054,,24,0.6886768075824332,,,,,,,,,,,,,,,,,,,,,,,,,1.5047370740104111
wo_fusion,44,,0.04511544480919838,0.7790563866513234,,15,0.6254249898030948,,,,,,,,,,,,,,,,,,,,,,,,,0.8694111828902713
wo_fusion,45,,0.04998715966939926,0.7721518987341772,,18,0.6497063211370953,,,,,,,,,,,,,,,,,,,,,,,,,1.408076569035972
wo_fusion,46,,0.05533493682742119,0.7710011507479861,,17,0.6072927605255346,,,,,,,,,,,,,,,,,,,,,,,,,0.9611272688375933
wo_fusion,47,,0.04596488177776337,0.7802071346375143,,17,0.6462409090971,,,,,,,,,,,,,,,,,,,,,,,,,1.3115009280491003
wo_fusion,48,,0.05842377990484238,0.7790563866513234,,18,0.7026836427221568,,,,,,,,,,,,,,,,,,,,,,,,,0.6747460004606175
wo_fusion,49,,0.06861433386802673,0.7721518987341772,,35,0.7064180013419533,,,,,,,,,,,,,,,,,,,,,,,,,1.0335831121315247
wo_fusion,50,,0.04984177276492119,0.7790563866513234,,13,0.5329635367823617,,,,,,,,,,,,,,,,,,,,,,,,,1.5713043647116203
wo_fusion,51,,0.04545566812157631,0.7583429228998849,,14,0.6222236085723998,,,,,,,,,,,,,,,,,,,,,,,,,2.021388169032136
wo_gating,42,0.6421948594370612,,0.7859608745684695,0.030425751581788063,12,0.6070549861554123,,0.8106135129928589,0.7734318971633911,0.582689642906189,0.3222770094871521,0.7702343463897705,0.8185583353042603,0.7822227478027344,0.5877490043640137,0.7416980266571045,0.15329405665397644,0.7969980835914612,1.9522359284707136e-09,0.902766227722168,0.4887715280056,0.5082576870918274,0.9717406630516052,0.7728597521781921,0.6223432421684265,,0.005709623568691313,6.986264868161797e-05,0.030425751581788063,353.78171491826447,1.82955587562052
wo_gating,43,0.6435535303727652,,0.7859608745684695,0.01586715504527092,11,0.550062255081022,,0.8877245187759399,0.6331925988197327,0.6494327783584595,0.19999301433563232,0.813287079334259,0.40931838750839233,0.8030829429626465,0.5010637044906616,0.6083183288574219,0.0019160157535225153,0.11173126101493835,1.3979190953250509e-05,0.9198080897331238,0.42384353280067444,0.5278881788253784,0.7963316440582275,0.8687292337417603,0.5253295302391052,,0.0034183553885668515,5.9061390022771094e-05,0.01586715504527092,210.77728514562818,2.4634769736452276
wo_gating,44,0.5073001442095173,,0.7790563866513234,0.013239792548120022,12,0.6024367922815647,,0.973210334777832,0.7449501752853394,0.8983002305030823,0.7787584066390991,0.8414638638496399,0.867536723613739,0.813072919845581,0.5770792961120605,0.7156746983528137,0.9983416199684143,0.06753925234079361,0.02553492598235607,0.8965437412261963,0.10256192088127136,0.07926762849092484,0.891189455986023,0.9284939765930176,0.6081942915916443,,0.002855226816609502,5.0222003945138e-05,0.013239792548120022,206.77322107818102,1.7806941132740257
wo_gating,45,0.5188443583617554,,0.7836593785960875,0.021603379398584366,25,0.7030180924451483,,0.9062982797622681,0.9131534099578857,0.21550488471984863,0.6733454465866089,0.8034612536430359,0.7106764912605286,0.6742348074913025,0.7543620467185974,0.8894845843315125,0.99989253282547,0.7681702375411987,4.303837085437197e-14,0.9270036816596985,0.0703006237745285,0.1261654943227768,0.9895502924919128,0.7842668294906616,0.7847658395767212,,0.0032095916918478905,4.395561802759561e-05,0.021603379398584366,418.4627156584632,3.6987236001786505
wo_gating,46,0.5557603597432925,,0.7848101265822784,0.009760254994034767,22,0.6408453203182791,,0.7753665447235107,0.8614944815635681,0.4163593649864197,0.15525078773498535,0.8127344250679016,0.8761051893234253,0.39583343267440796,0.7686936855316162,0.8445382118225098,0.05189887434244156,0.10753345489501953,0.000631048867944628,0.9297693371772766,0.126516655087471,0.19750681519508362,0.9916251301765442,0.7770240902900696,0.785764217376709,,0.0018060412083286792,4.8665985352802826e-05,0.009760254994034767,163.44503382798447,2.7497984451885102
wo_gating,47,0.5424395081544868,,0.7825086306098964,0.028350507840514183,13,0.6119524830426394,,0.9089915156364441,0.23891881108283997,0.6948750615119934,0.5654775500297546,0.6977931261062622,0.6701372265815735,0.6801404356956482,0.1481797993183136,0.21422336995601654,0.9297658205032349,0.7143277525901794,3.966032363633687e-11,0.8835988640785217,0.8024250268936157,0.7978295087814331,0.9638569355010986,0.8065814971923828,0.16349704563617706,,0.004904909618198871,6.593804145563445e-05,0.028350507840514183,355.57012839879764,2.06674581618035
wo_gating,48,0.5714404341087984,,0.7790563866513234,0.02782283164560795,23,0.7048748718806636,,0.6633024215698242,0.7185158133506775,0.33044248819351196,0.08236002177000046,0.7402429580688477,0.8424415588378906,0.7541100382804871,0.6388461589813232,0.7031632661819458,0.32316088676452637,0.7399581670761108,3.75325204943211e-12,0.9312288761138916,0.2105124145746231,0.3375304043292999,0.8149294853210449,0.8260356187820435,0.6534917950630188,,0.007782592275179923,7.620454964967211e-05,0.02782283164560795,262.979562238443,1.842287448119585
wo_gating,49,0.5676285724726475,,0.7721518987341772,0.018612785264849663,12,0.5480184879902025,,0.9726352691650391,0.3159715533256531,0.4427052438259125,0.015744201838970184,0.845905065536499,0.31690356135368347,0.7397303581237793,0.218499094247818,0.2928382158279419,0.00019313489610794932,0.8847500085830688,0.020860809832811356,0.8282285928726196,0.7012488842010498,0.7274534702301025,0.9960533380508423,0.8354747295379639,0.23553046584129333,,0.004369230126030743,7.401107329766039e-05,0.018612785264849663,192.4516739418439,2.7900549010640394
wo_gating,50,0.6616089003760431,,0.7733026467203682,0.016132568940520287,21,0.6801449813957912,,0.9665051698684692,0.7239081859588623,0.28053194284439087,0.4293440878391266,0.581701397895813,0.54124915599823,0.6885164976119995,0.5927758812904358,0.6989423632621765,0.8842635154724121,0.7349193692207336,1.9029361197908656e-08,0.9533193707466125,0.2786138951778412,0.27505677938461304,0.9896082878112793,0.8833791017532349,0.616855800151825,,0.003626338904723525,4.792323163743593e-05,0.016132568940520287,260.96382375564826,1.387551550137888
wo_gating,51,0.5420836720361045,,0.7894131185270425,0.01707032136619091,26,0.7062133460034976,,0.8927035927772522,0.9061327576637268,0.4302152097225189,0.2856099307537079,0.5727594494819641,0.721260666847229,0.824029803276062,0.863394558429718,0.8985581994056702,0.9940841794013977,0.5563712120056152,0.5837798714637756,0.9642832279205322,0.18440020084381104,0.253823459148407,0.994584321975708,0.8819137811660767,0.871390163898468,,0.004849783633835614,6.77220688506343e-05,0.01707032136619091,180.45133232502397,2.093774102889941
wo_spectral,42,,0.0644310712814331,0.7675489067894131,,13,0.6184084994039587,,,,,,,,,,,,,,,,,,,,,,,,,
wo_spectral,43,,0.08572805672883987,0.7836593785960875,,19,0.6778176541372571,,,,,,,,,,,,,,,,,,,,,,,,,
wo_spectral,44,,0.08414451032876968,0.7859608745684695,,17,0.6877318591663809,,,,,,,,,,,,,,,,,,,,,,,,,
wo_spectral,45,,0.07848868519067764,0.7905638665132336,,24,0.6763760310152388,,,,,,,,,,,,,,,,,,,,,,,,,
wo_spectral,46,,0.12296596169471741,0.7871116225546605,,24,0.6906045335226371,,,,,,,,,,,,,,,,,,,,,,,,,
wo_spectral,47,,0.09786611795425415,0.7813578826237054,,27,0.6906750238521325,,,,,,,,,,,,,,,,,,,,,,,,,
wo_spectral,48,,0.1627291440963745,0.7963176064441887,,33,0.6754808557010139,,,,,,,,,,,,,,,,,,,,,,,,,
wo_spectral,49,,0.08616085350513458,0.7951668584579977,,31,0.6857125119189523,,,,,,,,,,,,,,,,,,,,,,,,,
wo_spectral,50,,0.09804367274045944,0.8043728423475259,,25,0.7133017130619714,,,,,,,,,,,,,,,,,,,,,,,,,
wo_spectral,51,,0.0745762512087822,0.7813578826237054,,13,0.6803365613754693,,,,,,,,,,,,,,,,,,,,,,,,,
wo_temporal,42,,0.04654404893517494,0.6490218642117376,,37,0.5304529685996889,,,,,,,,,,,,,,,,,,,,,,,,,
wo_temporal,43,,0.03268815577030182,0.6386651323360184,,17,0.5009751945958669,,,,,,,,,,,,,,,,,,,,,,,,,
wo_temporal,44,,0.05835115537047386,0.6409666283084005,,45,0.5288223521875357,,,,,,,,,,,,,,,,,,,,,,,,,
wo_temporal,45,,0.039626214653253555,0.6075949367088608,,20,0.49659323497696395,,,,,,,,,,,,,,,,,,,,,,,,,
wo_temporal,46,,0.05027779936790466,0.6386651323360184,,34,0.5162366412202033,,,,,,,,,,,,,,,,,,,,,,,,,
wo_temporal,47,,0.04151654988527298,0.6444188722669736,,31,0.5110623420445723,,,,,,,,,,,,,,,,,,,,,,,,,
wo_temporal,48,,0.033106762915849686,0.6478711162255466,,17,0.5090050493721755,,,,,,,,,,,,,,,,,,,,,,,,,
wo_temporal,49,,0.038955461233854294,0.620253164556962,,24,0.4339903498024245,,,,,,,,,,,,,,,,,,,,,,,,,
wo_temporal,50,,0.04645498842000961,0.6708860759493671,,33,0.5278741707134914,,,,,,,,,,,,,,,,,,,,,,,,,
wo_temporal,51,,0.051941268146038055,0.6605293440736478,,44,0.5384938584321457,,,,,,,,,,,,,,,,,,,,,,,,,
