config,seed,final.H_alpha,final.S_tau,final.accuracy,final.alpha_tvar,final.degradation.bias,final.degradation.downsample,final.degradation.drift,final.degradation.dropout,final.degradation.gaussian_noise_snr10,final.degradation.gaussian_noise_snr20,final.degradation.stuck,final.epochs_run,final.macro_f1,final.per_class_alpha,final.per_class_alpha.0,final.per_class_alpha.1,final.per_class_alpha.10,final.per_class_alpha.11,final.per_class_alpha.12,final.per_class_alpha.13,final.per_class_alpha.14,final.per_class_alpha.15,final.per_class_alpha.16,final.per_class_alpha.17,final.per_class_alpha.2,final.per_class_alpha.3,final.per_class_alpha.4,final.per_class_alpha.5,final.per_class_alpha.6,final.per_class_alpha.7,final.per_class_alpha.8,final.per_class_alpha.9,final.perm_null,final.perm_null.null_mean,final.perm_null.null_std,final.perm_null.observed_var,final.perm_null.z,final.rho_last
full,42,0.49148627714238163,0.06706351786851883,0.7813578826237054,0.029765253886580467,0.760644418872267,0.7790563866513234,0.6421173762945915,0.6271576524741082,0.5512082853855006,0.6409666283084005,0.7767548906789413,13,0.6699521247591447,,0.8875069618225098,0.6841738820075989,0.4581233561038971,0.06641373783349991,0.8153122067451477,0.8478262424468994,0.7920665740966797,0.4065837860107422,0.6056784391403198,0.9945986270904541,0.8041274547576904,1.779764269987938e-12,0.9415737390518188,0.2435303032398224,0.2412261962890625,0.9671878218650818,0.8729626536369324,0.45195087790489197,,0.0083266643807292,0.0002968466287151782,0.028590820729732513,68.2647344470328,2.6973455894406997
full,43,0.4142157201097398,0.04743435978889465,0.7686996547756041,0.031224824488162994,0.7180667433831991,0.7583429228998849,0.6363636363636364,0.5983889528193326,0.6087456846950517,0.7525891829689298,0.762945914844649,15,0.6546900411170092,,0.819047749042511,0.8794683814048767,0.535874605178833,0.14722910523414612,0.8718047142028809,0.8392530083656311,0.40826791524887085,0.8443532586097717,0.8566746711730957,0.6696513891220093,0.05452762544155121,1.8156696035987602e-13,0.9291452765464783,0.24496962130069733,0.33771249651908875,0.9619626402854919,0.9159813523292542,0.8471691608428955,,0.0052932258695364,0.0001197406485577501,0.030246278271079063,208.39249238837624,1.8080951592403962
full,44,0.6390790137284943,0.06275242567062378,0.7825086306098964,0.033000797033309937,0.7686996547756041,0.7779056386651323,0.6052934407364787,0.6052934407364787,0.5454545454545454,0.6421173762945915,0.7825086306098964,22,0.6885523790460822,,0.4592071771621704,0.36420631408691406,0.44301334023475647,0.3186964988708496,0.6009106636047363,0.7569383382797241,0.7831578850746155,0.3713335692882538,0.3862435519695282,0.9983350038528442,0.5201941728591919,3.5037424073181e-09,0.9149205088615417,0.7120952606201172,0.7400399446487427,0.985713541507721,0.7799904346466064,0.37635570764541626,,0.01021859273314476,0.00039234481507441463,0.0329749770462513,58.00098123073052,2.6354372801629915
full,45,0.4068366009215878,0.07687156647443771,0.7836593785960875,0.023566599935293198,0.7341772151898734,0.7790563866513234,0.5857307249712314,0.6271576524741082,0.4982738780207135,0.7318757192174914,0.7790563866513234,23,0.6389487114185337,,0.8284784555435181,0.9618233442306519,0.38029345870018005,0.19662225246429443,0.7568604350090027,0.5986301302909851,0.3782899081707001,0.9172735810279846,0.9556292295455933,0.920594334602356,0.09937337040901184,1.963213208000525e-06,0.9586373567581177,0.16067583858966827,0.23752091825008392,0.9965636134147644,0.9052449464797974,0.92662113904953,,0.005484668537974358,0.0005497114573711537,0.024148954078555107,33.952877016398325,2.952387093100256
full,46,0.5703723973563185,0.06181589886546135,0.7825086306098964,0.036128513514995575,0.7422324510932106,0.7767548906789413,0.5443037974683544,0.6317606444188723,0.5949367088607594,0.6363636363636364,0.7779056386651323,25,0.625009561033085,,0.858745813369751,0.5745584964752197,0.5798899531364441,0.04164848476648331,0.8500071167945862,0.7878946661949158,0.5785903930664062,0.48188668489456177,0.5642275810241699,0.7592480778694153,0.18896624445915222,6.166733925805704e-14,0.8972060680389404,0.5044136047363281,0.5749858617782593,0.9708247184753418,0.841496467590332,0.5006117820739746,,0.007675574393942952,0.0002434565341004214,0.03618619590997696,117.10764512554117,1.190087347124832
full,47,0.5388231691446734,0.0645180195569992,0.759493670886076,0.03273883834481239,0.7456846950517837,0.760644418872267,0.5960874568469505,0.6513233601841196,0.5926352128883774,0.6386651323360184,0.759493670886076,25,0.6959947270203138,,0.9264196157455444,0.09955491125583649,0.44791004061698914,0.4319573640823364,0.7907853722572327,0.7576627135276794,0.7582818865776062,0.25138652324676514,0.18546684086322784,0.9835934042930603,0.815122127532959,7.951510005987927e-10,0.8722686767578125,0.7121641635894775,0.7363898754119873,0.9966257214546204,0.8591074347496033,0.2614939212799072,,0.010288155917078257,0.00015294600094797956,0.03290002793073654,147.842190875634,2.2561909011792207
full,48,0.5634804652066209,0.056563083082437515,0.7652474108170311,0.02853364497423172,0.7238204833141542,0.761795166858458,0.6248561565017261,0.6340621403912543,0.6041426927502876,0.6306098964326813,0.7583429228998849,14,0.6155745759515819,,0.8724738955497742,0.5583766102790833,0.45864540338516235,0.37347373366355896,0.8624705672264099,0.851726233959198,0.6331104040145874,0.6398454308509827,0.6598276495933533,0.7522330284118652,0.3244691491127014,6.822173136006861e-19,0.9530607461929321,0.6428601145744324,0.6783794164657593,0.9947747588157654,0.8535192012786865,0.6680582761764526,,0.007652223133482039,0.0003130922660908984,0.028086453676223755,65.26584234291919,1.9942071148479883
full,49,0.5313876431589647,0.08046147227287292,0.7767548906789413,0.034690458327531815,0.7548906789413119,0.7733026467203682,0.6052934407364787,0.6271576524741082,0.619102416570771,0.6248561565017261,0.7652474108170311,26,0.6770531919348319,,0.9741314649581909,0.21198686957359314,0.5015261173248291,0.6308167576789856,0.8105213642120361,0.843142032623291,0.8731606006622314,0.32489725947380066,0.2673715353012085,0.9996682405471802,0.8597263097763062,0.02407965250313282,0.9372653961181641,0.6231057643890381,0.6732006669044495,0.9999567270278931,0.8876319527626038,0.31804490089416504,,0.010216244868934155,0.0006830878444895646,0.033938925713300705,34.7285945739009,1.884617903830093
full,50,0.3076519899203981,0.07176990061998367,0.7721518987341772,0.011569706723093987,0.7111622554660529,0.7744533947065593,0.6133486766398158,0.7399309551208285,0.6812428078250863,0.7456846950517837,0.7721518987341772,15,0.6182529651877594,,0.8889732360839844,0.9756966233253479,0.351075679063797,0.08808712661266327,0.8058347105979919,0.8921942114830017,0.35112690925598145,0.9345242977142334,0.9633564949035645,0.6297793388366699,0.1539934277534485,1.0998767230319118e-08,0.946319580078125,0.013077964074909687,0.036262884736061096,0.8222440481185913,0.8563523888587952,0.9408157467842102,,0.0023098538047634067,0.00023405850848553058,0.010925304144620895,36.8089601134117,2.655701910269336
full,51,0.23184186117959665,0.04995695874094963,0.761795166858458,0.00806739367544651,0.6996547756041427,0.7640966628308401,0.6858457997698504,0.6398158803222095,0.7560414269275029,0.761795166858458,0.761795166858458,14,0.5779745688864231,,0.9642382860183716,0.9891480207443237,0.7324541807174683,0.37613967061042786,0.9232547283172607,0.5844361186027527,0.8585447669029236,0.983651876449585,0.9864598512649536,0.0009151847334578633,0.882684051990509,1.786736802955602e-08,0.9738484025001526,0.0013977042399346828,0.005303123965859413,0.7564550638198853,0.9734302163124084,0.9836955070495605,,0.002366083755623549,0.00014919017020650828,0.008070525713264942,38.236044047066166,4.320802401997495
tsnet_vanilla,42,,,0.7756041426927502,,0.7042577675489068,0.766398158803222,0.761795166858458,0.759493670886076,0.7710011507479861,0.7790563866513234,0.7721518987341772,18,0.7001690987805175,,,,,,,,,,,,,,,,,,,,,,,,,
tsnet_vanilla,43,,,0.7756041426927502,,0.6858457997698504,0.7756041426927502,0.7721518987341772,0.7180667433831991,0.7468354430379747,0.7744533947065593,0.7744533947065593,13,0.6040274127323632,,,,,,,,,,,,,,,,,,,,,,,,,
tsnet_vanilla,44,,,0.7917146144994246,,0.7353279631760644,0.7917146144994246,0.6260069044879172,0.7537399309551208,0.7790563866513234,0.7905638665132336,0.7882623705408516,21,0.6783306533690925,,,,,,,,,,,,,,,,,,,,,,,,,
tsnet_vanilla,45,,,0.7871116225546605,,0.7318757192174914,0.7871116225546605,0.6490218642117376,0.7054085155350979,0.7997698504027618,0.7905638665132336,0.7871116225546605,31,0.6786427656294308,,,,,,,,,,,,,,,,,,,,,,,,,
tsnet_vanilla,46,,,0.7871116225546605,,0.7203682393555811,0.7871116225546605,0.7802071346375143,0.667433831990794,0.7917146144994246,0.7951668584579977,0.7894131185270425,26,0.7006380081755126,,,,,,,,,,,,,,,,,,,,,,,,,
tsnet_vanilla,47,,,0.7997698504027618,,0.7238204833141542,0.7997698504027618,0.6685845799769851,0.6950517836593786,0.7790563866513234,0.7940161104718066,0.7974683544303798,33,0.683561663781822,,,,,,,,,,,,,,,,,,,,,,,,,
tsnet_vanilla,48,,,0.7733026467203682,,0.6444188722669736,0.7733026467203682,0.5995397008055235,0.7364787111622555,0.7330264672036824,0.7698504027617952,0.7721518987341772,15,0.6712614220320402,,,,,,,,,,,,,,,,,,,,,,,,,
tsnet_vanilla,49,,,0.7871116225546605,,0.7203682393555811,0.7871116225546605,0.7859608745684695,0.759493670886076,0.7894131185270425,0.7882623705408516,0.7848101265822784,25,0.6821802623543471,,,,,,,,,,,,,,,,,,,,,,,,,
tsnet_vanilla,50,,,0.7790563866513234,,0.6962025316455697,0.7779056386651323,0.7364787111622555,0.6547756041426928,0.7756041426927502,0.7756041426927502,0.7790563866513234,17,0.6822067884111603,,,,,,,,,,,,,,,,,,,,,,,,,
tsnet_vanilla,51,,,0.7882623705408516,,0.7088607594936709,0.7871116225546605,0.6444188722669736,0.6628308400460299,0.7123130034522439,0.7871116225546605,0.7882623705408516,13,0.6637864751234279,,,,,,,,,,,,,,,,,,,,,,,,,
wo_fusion,42,,0.038333307951688766,0.7779056386651323,,0.7548906789413119,0.7686996547756041,0.5650172612197929,0.5845799769850403,0.7192174913693901,0.5765247410817032,0.7698504027617952,13,0.6629064265278171,,,,,,,,,,,,,,,,,,,,,,,,,1.5178780946937318
wo_fusion,43,,0.03181526064872742,0.759493670886076,,0.7330264672036824,0.759493670886076,0.6375143843498274,0.5592635212888377,0.4810126582278481,0.5845799769850403,0.7675489067894131,22,0.6799719624606688,,,,,,,,,,,,,,,,,,,,,,,,,1.6874699725994247
wo_fusion,44,,0.06751316785812378,0.760644418872267,,0.7399309551208285,0.7560414269275029,0.5834292289988493,0.5765247410817032,0.6144994246260069,0.5949367088607594,0.760644418872267,30,0.6789131715320349,,,,,,,,,,,,,,,,,,,,,,,,,1.7399723483884413
wo_fusion,45,,0.06865900009870529,0.7744533947065593,,0.7491369390103567,0.7756041426927502,0.6835443037974683,0.5857307249712314,0.6985040276179517,0.5454545454545454,0.7675489067894131,30,0.5539272303807671,,,,,,,,,,,,,,,,,,,,,,,,,1.9210903412510028
wo_fusion,46,,0.047035276889801025,0.7894131185270425,,0.7525891829689298,0.7928653624856157,0.6018411967779056,0.6121979286536249,0.6985040276179517,0.6398158803222095,0.7859608745684695,24,0.6798849109786659,,,,,,,,,,,,,,,,,,,,,,,,,2.5200707539609075
wo_fusion,47,,0.03129972890019417,0.7675489067894131,,0.7560414269275029,0.7640966628308401,0.6432681242807825,0.6444188722669736,0.7123130034522439,0.7456846950517837,0.761795166858458,17,0.6095545717397304,,,,,,,,,,,,,,,,,,,,,,,,,2.0232014579503224
wo_fusion,48,,0.04999994486570358,0.7238204833141542,,0.716915995397008,0.714614499424626,0.6881472957422324,0.622554660529344,0.7341772151898734,0.61795166858458,0.713463751438435,18,0.6623758213336731,,,,,,,,,,,,,,,,,,,,,,,,,1.4373310664421024
wo_fusion,49,,0.04909895360469818,0.7905638665132336,,0.757192174913694,0.7917146144994246,0.7456846950517837,0.7399309551208285,0.7203682393555811,0.7640966628308401,0.7859608745684695,17,0.5722073668678526,,,,,,,,,,,,,,,,,,,,,,,,,1.871903813204447
wo_fusion,50,,0.038464371114969254,0.7767548906789413,,0.7479861910241657,0.7802071346375143,0.6110471806674338,0.7514384349827388,0.7088607594936709,0.7710011507479861,0.7779056386651323,17,0.6976928031951805,,,,,,,,,,,,,,,,,,,,,,,,,1.7703137417231765
wo_fusion,51,,0.05028088763356209,0.7767548906789413,,0.7376294591484465,0.7710011507479861,0.5960874568469505,0.7088607594936709,0.7456846950517837,0.7410817031070196,0.7813578826237054,24,0.6271999766652235,,,,,,,,,,,,,,,,,,,,,,,,,1.6549959587493366
wo_gating,42,0.48397387883850573,,0.761795166858458,0.019336918368935585,0.6708860759493671,0.7583429228998849,0.6121979286536249,0.6098964326812428,0.6029919447640967,0.7410817031070196,0.762945914844649,14,0.6298471932151948,,0.9293891787528992,0.8498157858848572,0.4959430396556854,0.24351078271865845,0.8720067739486694,0.9020248651504517,0.7200695276260376,0.7319849133491516,0.8318304419517517,0.9527702927589417,0.25243079662323,1.5240756464175232e-17,0.949083685874939,0.14140471816062927,0.20403999090194702,0.9991095066070557,0.9057687520980835,0.7557691931724548,,0.0039820503327064214,0.00010112415274045417,0.019326945766806602,151.74312828846485,1.4607834396811388
wo_gating,43,0.3612368880948107,,0.7698504027617952,0.030895425006747246,0.7019562715765247,0.7686996547756041,0.6098964326812428,0.6294591484464902,0.4062140391254315,0.7583429228998849,0.7767548906789413,16,0.6999118338934232,,0.6432769298553467,0.8902037143707275,0.46835091710090637,0.41592755913734436,0.8889194130897522,0.8753195405006409,0.7729088068008423,0.7881202697753906,0.8735430240631104,0.9986936450004578,0.8198429346084595,0.0006549030658788979,0.9125482439994812,0.007118904497474432,0.02141762152314186,0.9175173044204712,0.8425455093383789,0.8101022243499756,,0.0054996124468743805,0.0006303998705586382,0.029811833053827286,38.566347653025254,3.617275464654386
wo_gating,44,0.4789753463126044,,0.7779056386651323,0.011828076094388962,0.7399309551208285,0.7790563866513234,0.7721518987341772,0.6720368239355581,0.6881472957422324,0.7790563866513234,0.7744533947065593,13,0.6891027905633672,,0.8951104879379272,0.879845380783081,0.37369638681411743,0.17267608642578125,0.7819754481315613,0.7141851186752319,0.7544733881950378,0.8097838759422302,0.8688101172447205,0.4512748122215271,0.1296163648366928,1.0561725503066555e-06,0.9181160926818848,0.010599355213344097,0.01734275370836258,0.9783320426940918,0.8304656744003296,0.8231048583984375,,0.003353879554197192,7.035622144845495e-05,0.011783992871642113,119.82043697159936,2.3605116308444933
wo_gating,45,0.2244792878752673,,0.7733026467203682,0.011152724735438824,0.7088607594936709,0.7744533947065593,0.6421173762945915,0.6455696202531646,0.6881472957422324,0.7698504027617952,0.7698504027617952,12,0.6705054585589774,,0.9059224724769592,0.9784926772117615,0.8653439879417419,0.7518134713172913,0.9206763505935669,0.8747604489326477,0.7632749676704407,0.9739437103271484,0.9771447777748108,0.9998348951339722,0.03708780184388161,0.053070731461048126,0.9262274503707886,0.0016475360607728362,0.004933514166623354,0.9848796129226685,0.9470539093017578,0.9747211933135986,,0.0030023536994121967,0.00011439995794931608,0.01117360033094883,71.42700667538556,6.642510151614135
wo_gating,46,0.4712895376970562,,0.7710011507479861,0.024298712611198425,0.7387802071346375,0.7813578826237054,0.5960874568469505,0.6064441887226697,0.4856156501726122,0.620253164556962,0.7675489067894131,50,0.6848173794048693,,0.9102826714515686,0.8563898801803589,0.33227819204330444,0.4552496671676636,0.8415231108665466,0.8527259826660156,0.6967994570732117,0.6898470520973206,0.737707793712616,0.9932757616043091,0.8050613403320312,9.35676598601276e-06,0.9303432703018188,0.03135308623313904,0.0611923523247242,0.9512593746185303,0.8777307271957397,0.6840519309043884,,0.007079836004413665,0.001369331166779005,0.01981584168970585,9.300895199770721,2.228488277852862
wo_gating,47,0.6113006453260065,,0.761795166858458,0.016143852844834328,0.7410817031070196,0.760644418872267,0.6271576524741082,0.6363636363636364,0.6018411967779056,0.6398158803222095,0.7698504027617952,15,0.6383194374038975,,0.9379111528396606,0.6032660007476807,0.6571366190910339,0.09308122098445892,0.8744088411331177,0.5000971555709839,0.4863857924938202,0.33978211879730225,0.5129138827323914,0.07844436913728714,0.06974262744188309,5.3219917361957414e-08,0.8234760761260986,0.5001510977745056,0.44899386167526245,0.9991660118103027,0.8762375712394714,0.36548739671707153,,0.0046550189843401315,0.00016572285241817406,0.01580653339624405,67.29014243898472,1.8690288699173325
wo_gating,48,0.6476096563519802,,0.7813578826237054,0.03937852755188942,0.7330264672036824,0.7790563866513234,0.6121979286536249,0.6340621403912543,0.6133486766398158,0.6375143843498274,0.7779056386651323,26,0.7068923020533544,,0.7619031667709351,0.5901938676834106,0.7452618479728699,0.6088132858276367,0.7273600101470947,0.751644492149353,0.7808123826980591,0.5535500645637512,0.5789244174957275,0.9631363153457642,0.7102251648902893,5.879641307160455e-08,0.8975496292114258,0.4637954533100128,0.48624682426452637,0.9838002920150757,0.7946877479553223,0.5520853400230408,,0.009669221937656403,0.000134347511239143,0.039534784853458405,222.30082580643784,2.623486029754602
wo_gating,49,0.6776722354515121,,0.7836593785960875,0.031612735241651535,0.7537399309551208,0.7848101265822784,0.5581127733026467,0.6329113924050633,0.17491369390103567,0.6467203682393556,0.7825086306098964,17,0.633257751805091,,0.8640164136886597,0.48466482758522034,0.27488163113594055,0.16924519836902618,0.7434566020965576,0.7388697266578674,0.7132952809333801,0.3710209131240845,0.4810311794281006,0.9996865391731262,0.7893424034118652,0.09978871047496796,0.8479618430137634,0.6278765797615051,0.7001852989196777,0.9928100109100342,0.7403959035873413,0.3980250060558319,,0.00549814123660326,0.00010544226676027122,0.03172358125448227,248.71847481034823,3.9154159192721334
wo_gating,50,0.6663163182227548,,0.7767548906789413,0.011568360961973667,0.7330264672036824,0.7790563866513234,0.620253164556962,0.5857307249712314,0.6329113924050633,0.6432681242807825,0.7733026467203682,21,0.688033287861101,,0.7700214982032776,0.6519880294799805,0.37716326117515564,0.2788010239601135,0.7651824951171875,0.7772303819656372,0.6732384562492371,0.6731410026550293,0.6689655780792236,0.9975159168243408,0.22985242307186127,0.0013260924024507403,0.9261283278465271,0.12910594046115875,0.1634209305047989,0.930311918258667,0.7560527920722961,0.674938440322876,,0.0029177738004364075,8.214306320833417e-05,0.01179437804967165,108.06273584732709,2.579201388056312
wo_gating,51,0.6407509496522404,,0.7721518987341772,0.008536066859960556,0.760644418872267,0.7640966628308401,0.5581127733026467,0.6075949367088608,0.6075949367088608,0.6593785960874569,0.7548906789413119,14,0.6776196786592459,,0.8987136483192444,0.7507227063179016,0.45008355379104614,0.29307112097740173,0.8543266654014587,0.8499792218208313,0.5512216687202454,0.6710981726646423,0.7376065254211426,0.19971255958080292,0.2353406697511673,9.687306601335877e-08,0.9234675765037537,0.216791570186615,0.30505049228668213,0.9422364830970764,0.8634451031684875,0.6863832473754883,,0.002214703126810491,8.589340775042068e-05,0.008799655362963676,76.66423223797058,2.6909210592434283
wo_spectral,42,,0.07389552146196365,0.7836593785960875,,0.7088607594936709,0.7836593785960875,0.7675489067894131,0.6996547756041427,0.7779056386651323,0.7848101265822784,0.7836593785960875,31,0.6695772048235311,,,,,,,,,,,,,,,,,,,,,,,,,
wo_spectral,43,,0.09969113022089005,0.7894131185270425,,0.7088607594936709,0.7871116225546605,0.6386651323360184,0.7445339470655926,0.7744533947065593,0.7871116225546605,0.7813578826237054,25,0.7082502147634749,,,,,,,,,,,,,,,,,,,,,,,,,
wo_spectral,44,,0.05732542648911476,0.7882623705408516,,0.7008055235903338,0.7882623705408516,0.567318757192175,0.667433831990794,0.7560414269275029,0.7848101265822784,0.7859608745684695,13,0.6103927478006118,,,,,,,,,,,,,,,,,,,,,,,,,
wo_spectral,45,,0.057495538145303726,0.7928653624856157,,0.7065592635212888,0.7928653624856157,0.6352128883774454,0.7813578826237054,0.7882623705408516,0.7928653624856157,0.7905638665132336,17,0.6688118223445395,,,,,,,,,,,,,,,,,,,,,,,,,
wo_spectral,46,,0.1386270672082901,0.7779056386651323,,0.7445339470655926,0.7756041426927502,0.759493670886076,0.7353279631760644,0.7894131185270425,0.7836593785960875,0.7802071346375143,29,0.688364645178591,,,,,,,,,,,,,,,,,,,,,,,,,
wo_spectral,47,,0.06461551040410995,0.7813578826237054,,0.7203682393555811,0.7825086306098964,0.6513233601841196,0.6731875719217492,0.7825086306098964,0.7744533947065593,0.7779056386651323,16,0.6780127764642826,,,,,,,,,,,,,,,,,,,,,,,,,
wo_spectral,48,,0.08712968975305557,0.7917146144994246,,0.6777905638665133,0.7767548906789413,0.7756041426927502,0.6524741081703107,0.7399309551208285,0.7813578826237054,0.7859608745684695,31,0.678241663652295,,,,,,,,,,,,,,,,,,,,,,,,,
wo_spectral,49,,0.08653422445058823,0.7917146144994246,,0.7456846950517837,0.7894131185270425,0.7733026467203682,0.7238204833141542,0.7928653624856157,0.7928653624856157,0.7917146144994246,17,0.6811033665740209,,,,,,,,,,,,,,,,,,,,,,,,,
wo_spectral,50,,0.0633210614323616,0.7825086306098964,,0.7019562715765247,0.7825086306098964,0.6087456846950517,0.6490218642117376,0.7767548906789413,0.7836593785960875,0.7779056386651323,17,0.6665400584109155,,,,,,,,,,,,,,,,,,,,,,,,,
wo_spectral,51,,0.07856425642967224,0.7859608745684695,,0.6915995397008056,0.7882623705408516,0.5949367088607594,0.7583429228998849,0.7813578826237054,0.7882623705408516,0.7882623705408516,23,0.714386348880614,,,,,,,,,,,,,,,,,,,,,,,,,
wo_temporal,42,,0.0329405814409256,0.6409666283084005,,0.6409666283084005,0.6398158803222095,0.32105868814729577,0.4568469505178366,0.32796317606444186,0.40276179516685845,0.6248561565017261,23,0.5536944118172659,,,,,,,,,,,,,,,,,,,,,,,,,
wo_temporal,43,,0.035895977169275284,0.6478711162255466,,0.6478711162255466,0.6536248561565017,0.2428078250863061,0.42117376294591485,0.3383199079401611,0.380897583429229,0.6317606444188723,30,0.5198474435079452,,,,,,,,,,,,,,,,,,,,,,,,,
wo_temporal,44,,0.04766866937279701,0.6628308400460299,,0.6628308400460299,0.6593785960874569,0.2957422324510932,0.44188722669735325,0.4004602991944764,0.4039125431530495,0.6490218642117376,33,0.510202732018888,,,,,,,,,,,,,,,,,,,,,,,,,
wo_temporal,45,,0.06432754546403885,0.6352128883774454,,0.6352128883774454,0.6386651323360184,0.23130034522439585,0.4016110471806674,0.285385500575374,0.3878020713463751,0.6248561565017261,51,0.5101061388974045,,,,,,,,,,,,,,,,,,,,,,,,,
wo_temporal,46,,0.053458087146282196,0.6329113924050633,,0.6329113924050633,0.6352128883774454,0.20598388952819333,0.46375143843498273,0.30264672036823936,0.41657077100115075,0.6133486766398158,32,0.5114602539375734,,,,,,,,,,,,,,,,,,,,,,,,,
wo_temporal,47,,0.05294550582766533,0.6467203682393556,,0.6467203682393556,0.6524741081703107,0.26352128883774456,0.5120828538550057,0.30724971231300346,0.39010356731875717,0.6340621403912543,46,0.5331922426251894,,,,,,,,,,,,,,,,,,,,,,,,,
wo_temporal,48,,0.06510336697101593,0.6421173762945915,,0.6421173762945915,0.6432681242807825,0.34982738780207134,0.45454545454545453,0.4142692750287687,0.49252013808975836,0.6421173762945915,45,0.5277901804605097,,,,,,,,,,,,,,,,,,,,,,,,,
wo_temporal,49,,0.0822165310382843,0.6352128883774454,,0.6352128883774454,0.620253164556962,0.27848101265822783,0.38204833141542005,0.2945914844649022,0.37284234752589185,0.6237054085155351,45,0.5238547323191134,,,,,,,,,,,,,,,,,,,,,,,,,
wo_temporal,50,,0.043381597846746445,0.6398158803222095,,0.6398158803222095,0.6363636363636364,0.35097813578826237,0.4579976985040276,0.38434982738780205,0.4936708860759494,0.6317606444188723,20,0.5181981841822844,,,,,,,,,,,,,,,,,,,,,,,,,
wo_temporal,51,,0.043298717588186264,0.6294591484464902,,0.6294591484464902,0.6375143843498274,0.3705408515535098,0.47756041426927504,0.33141542002301494,0.46029919447640966,0.6110471806674338,20,0.5060399938242436,,,,,,,,,,,,,,,,,,,,,,,,,
