config,seed,final.H_alpha,final.S_tau,final.accuracy,final.alpha_tvar,final.degradation.bias,final.degradation.downsample,final.degradation.drift,final.degradation.dropout,final.degradation.gaussian_noise_snr10,final.degradation.gaussian_noise_snr20,final.degradation.stuck,final.epochs_run,final.macro_f1,final.per_class_alpha,final.per_class_alpha.0,final.per_class_alpha.1,final.per_class_alpha.2,final.per_class_alpha.3,final.perm_null,final.perm_null.null_mean,final.perm_null.null_std,final.perm_null.observed_var,final.perm_null.z,final.rho_last
full,42,0.29912333036458205,0.3433457016944885,0.9981246190632472,0.09011078625917435,0.8159626174066608,0.9162798693484614,0.4926469439104818,0.4100520418209949,0.4003625736477722,0.9344554362604904,0.7730007657805492,42,0.998569269344331,,0.8280290365219116,0.7983518242835999,0.8011913895606995,0.7011870741844177,,0.08943568579852582,3.802930817490149e-05,0.09011079370975494,17.75230541591548,3.8529297523090476
full,43,0.5177618445230487,0.32199227809906006,0.9982965289824496,0.07484206557273865,0.8351852720083767,0.9617891134136621,0.4467626236579305,0.41008329816994077,0.3842655539406442,0.6946723553221749,0.7426195946051541,36,0.9986669218741393,,0.7469876408576965,0.7456545233726501,0.7321366667747498,0.6422416567802429,,0.05382296554744244,2.9354018360436558e-05,0.07484207302331924,716.055515865961,4.013809226506705
full,44,0.5655140062679201,0.2982337772846222,0.9986559769953272,0.06798076629638672,0.8289808867426196,0.9084345257630456,0.49167799709315957,0.5482988732086205,0.4585306390360542,0.8354509509744167,0.6990951286980168,22,0.9988227076520878,,0.7300573587417603,0.7380143404006958,0.7484564781188965,0.6388157606124878,,0.043147297017276286,2.723297648428643e-05,0.06798076629638672,911.8896122702512,3.248221116719111
full,45,0.63281473747396,0.2549487054347992,0.9982652726335037,0.06800965219736099,0.8365136668385765,0.9223279728694891,0.39503336615249973,0.4201165861815681,0.3674027536843421,0.7806116867488708,0.7456827168018504,18,0.9982560730676583,,0.6876922249794006,0.6890047788619995,0.6912984848022461,0.6466943621635437,,0.020181023236364126,2.1957195139356544e-05,0.06800965219736099,2178.2666902204246,3.2537907439703626
full,46,0.43697478963681824,0.3223051428794861,0.9986403488208543,0.07710764557123184,0.7994123806398175,0.9405973088283558,0.33552127775954493,0.4750652476284245,0.4138653163923922,0.5445012268116961,0.7724850360229422,38,0.9989387428528852,,0.7681393027305603,0.7921367287635803,0.7893937230110168,0.7099668979644775,,0.043800776824355125,3.2255818162856016e-05,0.07710764557123184,1032.5848052010108,5.149368051882282
full,47,0.5076193640523864,0.3065016567707062,0.9982027599356119,0.08669368922710419,0.825511432009627,0.9340803600731399,0.5107443699501462,0.4647350243018113,0.35575976370200196,0.7267413693406474,0.7775798209011205,26,0.9978890172458899,,0.7296279072761536,0.7281110286712646,0.7214660048484802,0.6504479050636292,,0.049536647461354735,3.0186359147218654e-05,0.08669368922710419,1230.9215680371808,4.302443746488111
full,48,0.547961505617286,0.292465478181839,0.9989216559613672,0.07435984909534454,0.8281682216700267,0.9205776173285198,0.5049775735696314,0.7070342413302703,0.5814774876146718,0.9284854736118274,0.7191460765467985,22,0.9990827499472029,,0.7105624079704285,0.7328644394874573,0.742020845413208,0.688962459564209,,0.05773780141025782,3.215992819715686e-05,0.07435984909534454,516.8558544760795,4.9790172385209255
full,49,0.49807939443021443,0.31181541085243225,0.9989060277868942,0.07093723863363266,0.8332473783737322,0.9100129713848125,0.4973510244268367,0.48928688639879975,0.3967212089955772,0.777986153437417,0.7527310234891462,32,0.9990486142575318,,0.7845512628555298,0.7615482807159424,0.7627131938934326,0.7378620505332947,,0.048701186850667,3.549693816831775e-05,0.07093724608421326,626.4218762104623,4.392027528505798
full,50,0.4207072772009632,0.3321572542190552,0.9992654757997719,0.09596565365791321,0.8269804804100833,0.9341428727710316,0.5994655164330255,0.5397658899463954,0.3802647412755716,0.919749324081454,0.7720630753121728,39,0.9991951456215953,,0.7639976143836975,0.7500990033149719,0.7562230229377747,0.6416900157928467,,0.07056850865483284,4.0322636304488074e-05,0.0959656611084938,629.8484958183565,4.019044577320062
full,51,0.46158154652818173,0.31940099596977234,0.9983434135058684,0.08522099256515503,0.8297622954662666,0.9400346945473299,0.4117242564895994,0.31879913107349933,0.37871755200275053,0.7186616031381374,0.7883320049385031,34,0.998312365315394,,0.7594802379608154,0.7571211457252502,0.7513753175735474,0.6850719451904297,,0.04660691823810339,3.491784251673294e-05,0.08522100001573563,1105.8552845374895,4.402823722613268
wo_fusion,42,,0.2959831953048706,0.9985465797740166,,0.8166190007345242,0.9400034381983841,0.43944863800459466,0.3445074780814853,0.34374169753231126,0.4580149092784472,0.7183802959976245,30,0.9980730962228224,,,,,,,,,,,3.537570314190764
wo_fusion,43,,0.21179011464118958,0.998437182552706,,0.7986153437416975,0.92546923593855,0.4402613030771875,0.4534671105068217,0.41988216356447405,0.6892024942566459,0.7247097066591651,16,0.9987397760616039,,,,,,,,,,,3.851720472018562
wo_fusion,44,,0.3406006693840027,0.9981871317611389,,0.825511432009627,0.9283135636926251,0.5039773704033632,0.48394205072905433,0.3733883445074781,0.8375763827027365,0.6969853251441699,44,0.9985350965324395,,,,,,,,,,,3.198995441219819
wo_fusion,45,,0.3277159035205841,0.9988435150890025,,0.8287308359510526,0.9245002891212277,0.46290652788847736,0.23900167221466861,0.11667995061496866,0.6568834294466064,0.7707815650053917,61,0.9987939459392357,,,,,,,,,,,2.6695071048452905
wo_fusion,46,,0.2517882287502289,0.9993436166721366,,0.8380764842858706,0.8918374044727835,0.4266960476346758,0.35136824667510586,0.3875162142310157,0.6643380686701986,0.7261631268851485,21,0.9994402763669025,,,,,,,,,,,4.016540423865425
wo_fusion,47,,0.31454941630363464,0.9983902980292872,,0.8155562848703642,0.9306109053401472,0.5979339553346773,0.5225280135027427,0.3746542266397862,0.8448747401815994,0.7489177489177489,43,0.9982069280620244,,,,,,,,,,,3.168818845166506
wo_fusion,48,,0.32712599635124207,0.9980152218419367,,0.8293403347554972,0.9416443965180428,0.47750324284620316,0.43605732414396675,0.45898385609576947,0.8290433994405113,0.7705002578648789,44,0.9985040146973896,,,,,,,,,,,2.7521862535001094
wo_fusion,49,,0.3165651857852936,0.9991248222295154,,0.8280744526231891,0.9300482910591213,0.4542954037538875,0.40494162876834355,0.380421023020301,0.685279822463938,0.745776485848688,40,0.9992260431803484,,,,,,,,,,,3.266997613950114
wo_fusion,50,,0.3442462980747223,0.9988122587400565,,0.830184256177036,0.9440823917358213,0.505055714441996,0.30782815259349555,0.1883351305733977,0.6849360026255333,0.7825495803835154,72,0.9983085728949752,,,,,,,,,,,2.8785992354881946
wo_fusion,51,,0.2792637050151825,0.9990466813571507,,0.8208073514932721,0.9329551315110882,0.5045868692078078,0.20150968165408598,0.10164564677200057,0.6612593182990295,0.7409473799365496,26,0.999138585333796,,,,,,,,,,,4.218894738377429
wo_gating,42,0.6718984326021359,,0.9982809008079766,0.05675235763192177,0.8225420788597684,0.9204369637582634,0.47193961273383656,0.5464547486208136,0.4115992310938159,0.8448747401815994,0.7720787034866458,38,0.9983798471460694,,0.7112886309623718,0.6910884380340576,0.6824809908866882,0.6081317663192749,,0.02247650669887662,1.9781136718659163e-05,0.05675235763192177,1732.7542743263655,3.781712768404333
wo_gating,43,0.6745705461986019,,0.9978589400972072,0.05741824954748154,0.8287933486489443,0.9001203369434416,0.5033209870754997,0.6755122134183505,0.5506430993795615,0.862894025348899,0.7279603669495366,20,0.9982233387665624,,0.6748049855232239,0.6806286573410034,0.6849745512008667,0.6189175844192505,,0.019402583502233027,1.671801015475556e-05,0.05741824582219124,2273.934499029472,3.956759354933152
wo_gating,44,0.7231486323749338,,0.998687233344273,0.05748346447944641,0.8347633112976073,0.9100598559082314,0.516995639739322,0.5430165502367669,0.4738775063684811,0.8201353399909357,0.7440886430056105,30,0.9988513169608073,,0.6575660705566406,0.646621584892273,0.6359618306159973,0.6256486773490906,,0.02195588732138276,1.8693520753401947e-05,0.05748346447944641,1900.5288370340465,4.232821017233401
wo_gating,45,0.5261645093498633,,0.998718489693219,0.07616143673658371,0.8341694406676357,0.9198430931282917,0.3941113038585963,0.2163877037523247,0.09723850157063153,0.36132339381436857,0.7747980058449373,39,0.9989439884366931,,0.7631782293319702,0.7422758936882019,0.7422676682472229,0.6593315005302429,,0.025903111416846515,2.2724878168813205e-05,0.07616142183542252,2211.5985763985345,3.465874075005021
wo_gating,46,0.602194863852469,,0.9982652726335037,0.06609801948070526,0.8242455498773188,0.933767796583681,0.5267319924359636,0.4112710394298842,0.37120040008126653,0.7472611624236173,0.7874255708190726,38,0.9984487134509,,0.7255053520202637,0.7097208499908447,0.714038074016571,0.6899088621139526,,0.043568321503698826,1.921002358864645e-05,0.06609801948070526,1172.8094294226976,4.185560141712408
wo_gating,47,0.6256681609175406,,0.9981246190632472,0.06272240728139877,0.8165564880366324,0.9320486973916576,0.42027286792629753,0.4130682794942723,0.38601590948161346,0.435213402722428,0.7709065904011753,34,0.9981179058894438,,0.7002251744270325,0.7127730846405029,0.7149484753608704,0.6101046204566956,,0.03033016314730048,2.9120745171738197e-05,0.06272240728139877,1112.342518391067,4.2660126371147244
wo_gating,48,0.6728165593799902,,0.9972806976417085,0.06575427949428558,0.8352477847062685,0.9270164252113711,0.4283057496053886,0.31504836919999374,0.10828762092299998,0.7260068451404191,0.7415099942175755,33,0.9978054414105714,,0.6519636511802673,0.6665330529212952,0.6595171093940735,0.5841225981712341,,0.021125866658985616,2.009584421535077e-05,0.06575427949428558,2220.778094031562,4.1823056903192946
wo_gating,49,0.6705834458216166,,0.9978901964461532,0.05184873566031456,0.8117742666479129,0.9289699470204885,0.45776485848688014,0.6708081329019957,0.7301483113757482,0.9414724865988404,0.7486833263006548,29,0.9982818418421595,,0.6952626705169678,0.7030079364776611,0.6983587145805359,0.6054678559303284,,0.01947686467319727,2.0614430547401767e-05,0.05184873193502426,1570.3497419945652,5.828325868648732
wo_gating,50,0.6747220884129895,,0.9983121571569225,0.060778871178627014,0.8290121430915655,0.9300170347101755,0.4044884117086283,0.3864691265413287,0.3763576976573366,0.6276118586587901,0.7402597402597403,31,0.998638112829951,,0.6885828375816345,0.6724978089332581,0.6765145063400269,0.5790973901748657,,0.029971619416028262,2.5737271321801873e-05,0.06077887490391731,1196.9899180727255,4.031259129111677
wo_gating,51,0.6699426800803449,,0.9985622079484895,0.05862037464976311,0.7980683576351446,0.9214996796224233,0.5063372247487771,0.6073421163673871,0.4878959788707081,0.8813977839248598,0.7661868817103474,23,0.9987016312701046,,0.6559535264968872,0.6866381168365479,0.6933028697967529,0.6087265610694885,,0.015180744184181093,1.3305122552082134e-05,0.05862037092447281,3264.8796210159053,4.823807066536118
wo_spectral,42,,0.30122825503349304,0.9981246190632472,,0.7421976338943848,0.9266257208495475,0.6236423023426634,0.9211871161329646,0.8411552346570397,0.9944519980621064,0.7811899292043697,24,0.9979943447360689,,,,,,,,,,,
wo_spectral,43,,0.32333555817604065,0.9982809008079766,,0.7659837154421992,0.914310719364871,0.5293262693984716,0.9170143935486896,0.858986981730664,0.9956241111475769,0.7960523231281355,29,0.9983480184757847,,,,,,,,,,,
wo_spectral,44,,0.33302274346351624,0.9983434135058684,,0.7559347992560989,0.9419413318330286,0.659305796489912,0.9507243658868207,0.8254332911372623,0.9954678294028475,0.8060699829652899,34,0.9983246995849469,,,,,,,,,,,
wo_spectral,45,,0.31046903133392334,0.997140044071452,,0.7549658524387767,0.9304546235954179,0.4030818760060637,0.9297200993951896,0.823417256630253,0.9938268710831888,0.787066122806195,24,0.9971830577057491,,,,,,,,,,,
wo_spectral,46,,0.31762635707855225,0.9976870301780049,,0.7602325472361573,0.9132480035007111,0.6908434525763045,0.9281729101223686,0.8396236735586916,0.9944207417131605,0.7954584524981637,29,0.9978681044322607,,,,,,,,,,,
wo_spectral,47,,0.33692553639411926,0.9980464781908825,,0.7495116195477206,0.9406910778751933,0.6713394908340756,0.9273289887008298,0.8320440089393158,0.9949520996452405,0.7971462953412412,40,0.9981997694161869,,,,,,,,,,,
wo_spectral,48,,0.30021852254867554,0.9989841686592589,,0.7576538984481223,0.9357994592651633,0.5494084735961993,0.9362057918014597,0.8489224373700908,0.9958429055901981,0.7973494616093894,28,0.9990633489056031,,,,,,,,,,,
wo_spectral,49,,0.3237118124961853,0.9971087877225061,,0.7534342913404285,0.9257817994280089,0.5839154828324503,0.931704877553253,0.8358885398596589,0.9943113444918499,0.8011627361807867,37,0.997510794985782,,,,,,,,,,,
wo_spectral,50,,0.3047255873680115,0.997405723037492,,0.756966258771313,0.9211402316095457,0.6750902527075813,0.936112022754622,0.8426867957553879,0.9942019472705393,0.7883788894619219,21,0.9968072027959729,,,,,,,,,,,
wo_spectral,51,,0.3341900408267975,0.9979683373185179,,0.7609358150874397,0.9332208104771281,0.5555034616406458,0.9321112100895494,0.8220419772766343,0.9954678294028475,0.8001781611889915,39,0.9981574992720226,,,,,,,,,,,
wo_temporal,42,,0.26163262128829956,0.9726038101489365,,0.9726038101489365,0.7563255036179224,0.3965805554253208,0.3701689405660525,0.374966790129245,0.42335161829746665,0.6618063044055824,59,0.9769791637156738,,,,,,,,,,,
wo_temporal,43,,0.2656036913394928,0.9703220966758873,,0.9703220966758873,0.7454014096613375,0.22668667072999202,0.1875380936752778,0.1875380936752778,0.1904136777782987,0.7027677496991577,43,0.9748883902915143,,,,,,,,,,,
wo_temporal,44,,0.23947612941265106,0.972478784753153,,0.972478784753153,0.7777517308203229,0.37151296357072533,0.2289527560285683,0.18810070795630363,0.3932986387860034,0.6780439776829669,37,0.9769847425901879,,,,,,,,,,,
wo_temporal,45,,0.27131739258766174,0.9719317986466001,,0.9719317986466001,0.7399940612937003,0.3080000625126979,0.20333817806741994,0.23260974885523622,0.2599746823573538,0.6188913373028897,53,0.9764110800085153,,,,,,,,,,,
wo_temporal,46,,0.25214332342147827,0.9728226045915577,,0.9728226045915577,0.7690624658133683,0.31237595136512103,0.2300936127650929,0.1875380936752778,0.3403660118461562,0.6572585056339569,40,0.9776798458782608,,,,,,,,,,,
wo_temporal,47,,0.2591942250728607,0.970415865722725,,0.970415865722725,0.7388219482082298,0.3802959976245175,0.16669010892837607,0.18489693218935097,0.35415006173128916,0.6714645162298591,40,0.9754930366817773,,,,,,,,,,,
wo_temporal,48,,0.2481229603290558,0.9692593808117274,,0.9692593808117274,0.7428071326988295,0.23078125244190226,0.18760060637316955,0.1875380936752778,0.18794442621157423,0.6894681732226858,30,0.9740653776845569,,,,,,,,,,,
wo_temporal,49,,0.26583901047706604,0.9736352696641505,,0.9736352696641505,0.7457296013252692,0.25433291137262254,0.3392876678075234,0.31728319814962413,0.38539078250269587,0.6638848516104834,53,0.9775970632642219,,,,,,,,,,,
wo_temporal,50,,0.2578180432319641,0.9703064685014143,,0.9703064685014143,0.7399471767702814,0.2665854001594074,0.18930407739072,0.18777251629237188,0.21083970181443107,0.645787425570819,40,0.9749699854568059,,,,,,,,,,,
wo_temporal,51,,0.2522912323474884,0.9710097363526966,,0.9710097363526966,0.7504649381905699,0.22643661993842498,0.19255473768109146,0.1875380936752778,0.3229562254833013,0.6501945707721881,41,0.97584398425288,,,,,,,,,,,
