cell,config,seed,accuracy,macro_f1,rho_last,H_alpha,alpha_tvar,epochs_run,perm_null_z,deg_gaussian_noise_snr20,deg_gaussian_noise_snr10,deg_drift,deg_bias,deg_stuck,deg_dropout,deg_downsample
A,full,42,0.7813578826237054,0.6699521247591447,2.6973455894406997,0.49148627714238163,0.029765253886580467,13,68.2647344470328,0.6409666283084005,0.5512082853855006,0.6421173762945915,0.760644418872267,0.7767548906789413,0.6271576524741082,0.7790563866513234
A,full,43,0.7686996547756041,0.6546900411170092,1.8080951592403962,0.4142157201097398,0.031224824488162994,15,208.39249238837624,0.7525891829689298,0.6087456846950517,0.6363636363636364,0.7180667433831991,0.762945914844649,0.5983889528193326,0.7583429228998849
A,full,44,0.7825086306098964,0.6885523790460822,2.6354372801629915,0.6390790137284943,0.033000797033309937,22,58.00098123073052,0.6421173762945915,0.5454545454545454,0.6052934407364787,0.7686996547756041,0.7825086306098964,0.6052934407364787,0.7779056386651323
A,full,45,0.7836593785960875,0.6389487114185337,2.952387093100256,0.4068366009215878,0.023566599935293198,23,33.952877016398325,0.7318757192174914,0.4982738780207135,0.5857307249712314,0.7341772151898734,0.7790563866513234,0.6271576524741082,0.7790563866513234
A,full,46,0.7825086306098964,0.625009561033085,1.190087347124832,0.5703723973563185,0.036128513514995575,25,117.10764512554117,0.6363636363636364,0.5949367088607594,0.5443037974683544,0.7422324510932106,0.7779056386651323,0.6317606444188723,0.7767548906789413
A,full,47,0.759493670886076,0.6959947270203138,2.2561909011792207,0.5388231691446734,0.03273883834481239,25,147.842190875634,0.6386651323360184,0.5926352128883774,0.5960874568469505,0.7456846950517837,0.759493670886076,0.6513233601841196,0.760644418872267
A,full,48,0.7652474108170311,0.6155745759515819,1.9942071148479883,0.5634804652066209,0.02853364497423172,14,65.26584234291919,0.6306098964326813,0.6041426927502876,0.6248561565017261,0.7238204833141542,0.7583429228998849,0.6340621403912543,0.761795166858458
A,full,49,0.7767548906789413,0.6770531919348319,1.884617903830093,0.5313876431589647,0.034690458327531815,26,34.7285945739009,0.6248561565017261,0.619102416570771,0.6052934407364787,0.7548906789413119,0.7652474108170311,0.6271576524741082,0.7733026467203682
A,full,50,0.7721518987341772,0.6182529651877594,2.655701910269336,0.3076519899203981,0.011569706723093987,15,36.8089601134117,0.7456846950517837,0.6812428078250863,0.6133486766398158,0.7111622554660529,0.7721518987341772,0.7399309551208285,0.7744533947065593
A,full,51,0.761795166858458,0.5779745688864231,4.320802401997495,0.23184186117959665,0.00806739367544651,14,38.236044047066166,0.761795166858458,0.7560414269275029,0.6858457997698504,0.6996547756041427,0.761795166858458,0.6398158803222095,0.7640966628308401
A,full_r1,42,0.7951668584579977,0.642856250883662,0.6018989948088154,0.6487380468417691,0.020396079868078232,17,18.96336336553501,,,,,,,
A,full_r1,43,0.7779056386651323,0.6520749494625844,0.25652468185997546,0.536186381249051,0.025399260222911835,20,37.659416646380784,,,,,,,
A,full_r1,44,0.7813578826237054,0.669588309469431,0.5282893152102048,0.6925462435560688,0.024203015491366386,21,27.014822060319,,,,,,,
A,full_r1,45,0.7779056386651323,0.6921274526762436,0.8911457420473581,0.46997767445290883,0.012670787051320076,17,17.612107477576334,,,,,,,
A,full_r1,46,0.7940161104718066,0.68174232722441,0.3067040940704402,0.5974831482962613,0.015374045819044113,17,59.96699277985865,,,,,,,
A,full_r1,47,0.7882623705408516,0.7059165568700324,0.4978205292138704,0.7285970844932232,0.0167068038135767,16,38.107734262218926,,,,,,,
A,full_r1,48,0.7353279631760644,0.5777702523991911,0.5023286416884871,0.5748788300462209,0.02400985360145569,28,24.1828708120536,,,,,,,
A,full_r1,49,0.7813578826237054,0.6493332307578181,0.4675500403183599,0.6653832052246894,0.015394961461424828,18,52.4470999643522,,,,,,,
A,full_r1,50,0.7721518987341772,0.694193275628408,0.49040060072628916,0.37730184069803063,0.04420962929725647,26,187.23304444759782,,,,,,,
A,full_r1,51,0.761795166858458,0.6346280272832587,0.4833755416953616,0.4586349987995296,0.017974339425563812,21,78.5627523932382,,,,,,,
A,full_r2_gumbel,42,0.7756041426927502,0.7100916899319425,1.7546967815991819,0.3940394599444769,0.019443869590759277,32,88.7634574448333,,,,,,,
A,full_r2_gumbel,43,0.7733026467203682,0.7029814470351974,2.0304547215334607,0.39536729393128983,0.01796989142894745,32,8.254681838516087,,,,,,,
A,full_r2_gumbel,44,0.7836593785960875,0.6548539040889517,1.4122261605369504,0.3698051221637015,0.019227899610996246,51,22.455944599940985,,,,,,,
A,full_r2_gumbel,45,0.7790563866513234,0.6756353716179844,1.889476609124399,0.43634435115689696,0.016736172139644623,24,60.52330530870877,,,,,,,
A,full_r2_gumbel,46,0.7698504027617952,0.6628082023461428,2.13638925798604,0.44215696537363264,0.015515417791903019,21,51.06384355925162,,,,,,,
A,full_r2_gumbel,47,0.759493670886076,0.4728707944231236,2.297484934440421,0.5147656554055143,0.007880683988332748,11,46.41827450111279,,,,,,,
A,full_r2_gumbel,48,0.7790563866513234,0.6883541545343395,2.1180603096551263,0.4442068549169327,0.016794802621006966,35,38.49665808892755,,,,,,,
A,full_r2_gumbel,49,0.7733026467203682,0.6134230379205725,2.261820613888646,0.4768978629886848,0.010005445219576359,12,108.25066685501582,,,,,,,
A,full_r2_gumbel,50,0.7848101265822784,0.7094127879741592,1.7879332531241476,0.3913189924772206,0.013384739868342876,23,21.128400202920307,,,,,,,
A,full_r2_gumbel,51,0.7744533947065593,0.7046833887364694,2.0037320774828387,0.4610591697588247,0.01269774790853262,21,17.53390299195287,,,,,,,
A,tsnet_vanilla,42,0.7756041426927502,0.7001690987805175,,,,18,,0.7790563866513234,0.7710011507479861,0.761795166858458,0.7042577675489068,0.7721518987341772,0.759493670886076,0.766398158803222
A,tsnet_vanilla,43,0.7756041426927502,0.6040274127323632,,,,13,,0.7744533947065593,0.7468354430379747,0.7721518987341772,0.6858457997698504,0.7744533947065593,0.7180667433831991,0.7756041426927502
A,tsnet_vanilla,44,0.7917146144994246,0.6783306533690925,,,,21,,0.7905638665132336,0.7790563866513234,0.6260069044879172,0.7353279631760644,0.7882623705408516,0.7537399309551208,0.7917146144994246
A,tsnet_vanilla,45,0.7871116225546605,0.6786427656294308,,,,31,,0.7905638665132336,0.7997698504027618,0.6490218642117376,0.7318757192174914,0.7871116225546605,0.7054085155350979,0.7871116225546605
A,tsnet_vanilla,46,0.7871116225546605,0.7006380081755126,,,,26,,0.7951668584579977,0.7917146144994246,0.7802071346375143,0.7203682393555811,0.7894131185270425,0.667433831990794,0.7871116225546605
A,tsnet_vanilla,47,0.7997698504027618,0.683561663781822,,,,33,,0.7940161104718066,0.7790563866513234,0.6685845799769851,0.7238204833141542,0.7974683544303798,0.6950517836593786,0.7997698504027618
A,tsnet_vanilla,48,0.7733026467203682,0.6712614220320402,,,,15,,0.7698504027617952,0.7330264672036824,0.5995397008055235,0.6444188722669736,0.7721518987341772,0.7364787111622555,0.7733026467203682
A,tsnet_vanilla,49,0.7871116225546605,0.6821802623543471,,,,25,,0.7882623705408516,0.7894131185270425,0.7859608745684695,0.7203682393555811,0.7848101265822784,0.759493670886076,0.7871116225546605
A,tsnet_vanilla,50,0.7790563866513234,0.6822067884111603,,,,17,,0.7756041426927502,0.7756041426927502,0.7364787111622555,0.6962025316455697,0.7790563866513234,0.6547756041426928,0.7779056386651323
A,tsnet_vanilla,51,0.7882623705408516,0.6637864751234279,,,,13,,0.7871116225546605,0.7123130034522439,0.6444188722669736,0.7088607594936709,0.7882623705408516,0.6628308400460299,0.7871116225546605
A,wo_fusion,42,0.7779056386651323,0.6629064265278171,1.5178780946937318,,,13,,0.5765247410817032,0.7192174913693901,0.5650172612197929,0.7548906789413119,0.7698504027617952,0.5845799769850403,0.7686996547756041
A,wo_fusion,43,0.759493670886076,0.6799719624606688,1.6874699725994247,,,22,,0.5845799769850403,0.4810126582278481,0.6375143843498274,0.7330264672036824,0.7675489067894131,0.5592635212888377,0.759493670886076
A,wo_fusion,44,0.760644418872267,0.6789131715320349,1.7399723483884413,,,30,,0.5949367088607594,0.6144994246260069,0.5834292289988493,0.7399309551208285,0.760644418872267,0.5765247410817032,0.7560414269275029
A,wo_fusion,45,0.7744533947065593,0.5539272303807671,1.9210903412510028,,,30,,0.5454545454545454,0.6985040276179517,0.6835443037974683,0.7491369390103567,0.7675489067894131,0.5857307249712314,0.7756041426927502
A,wo_fusion,46,0.7894131185270425,0.6798849109786659,2.5200707539609075,,,24,,0.6398158803222095,0.6985040276179517,0.6018411967779056,0.7525891829689298,0.7859608745684695,0.6121979286536249,0.7928653624856157
A,wo_fusion,47,0.7675489067894131,0.6095545717397304,2.0232014579503224,,,17,,0.7456846950517837,0.7123130034522439,0.6432681242807825,0.7560414269275029,0.761795166858458,0.6444188722669736,0.7640966628308401
A,wo_fusion,48,0.7238204833141542,0.6623758213336731,1.4373310664421024,,,18,,0.61795166858458,0.7341772151898734,0.6881472957422324,0.716915995397008,0.713463751438435,0.622554660529344,0.714614499424626
A,wo_fusion,49,0.7905638665132336,0.5722073668678526,1.871903813204447,,,17,,0.7640966628308401,0.7203682393555811,0.7456846950517837,0.757192174913694,0.7859608745684695,0.7399309551208285,0.7917146144994246
A,wo_fusion,50,0.7767548906789413,0.6976928031951805,1.7703137417231765,,,17,,0.7710011507479861,0.7088607594936709,0.6110471806674338,0.7479861910241657,0.7779056386651323,0.7514384349827388,0.7802071346375143
A,wo_fusion,51,0.7767548906789413,0.6271999766652235,1.6549959587493366,,,24,,0.7410817031070196,0.7456846950517837,0.5960874568469505,0.7376294591484465,0.7813578826237054,0.7088607594936709,0.7710011507479861
A,wo_gating,42,0.761795166858458,0.6298471932151948,1.4607834396811388,0.48397387883850573,0.019336918368935585,14,151.74312828846485,0.7410817031070196,0.6029919447640967,0.6121979286536249,0.6708860759493671,0.762945914844649,0.6098964326812428,0.7583429228998849
A,wo_gating,43,0.7698504027617952,0.6999118338934232,3.617275464654386,0.3612368880948107,0.030895425006747246,16,38.566347653025254,0.7583429228998849,0.4062140391254315,0.6098964326812428,0.7019562715765247,0.7767548906789413,0.6294591484464902,0.7686996547756041
A,wo_gating,44,0.7779056386651323,0.6891027905633672,2.3605116308444933,0.4789753463126044,0.011828076094388962,13,119.82043697159936,0.7790563866513234,0.6881472957422324,0.7721518987341772,0.7399309551208285,0.7744533947065593,0.6720368239355581,0.7790563866513234
A,wo_gating,45,0.7733026467203682,0.6705054585589774,6.642510151614135,0.2244792878752673,0.011152724735438824,12,71.42700667538556,0.7698504027617952,0.6881472957422324,0.6421173762945915,0.7088607594936709,0.7698504027617952,0.6455696202531646,0.7744533947065593
A,wo_gating,46,0.7710011507479861,0.6848173794048693,2.228488277852862,0.4712895376970562,0.024298712611198425,50,9.300895199770721,0.620253164556962,0.4856156501726122,0.5960874568469505,0.7387802071346375,0.7675489067894131,0.6064441887226697,0.7813578826237054
A,wo_gating,47,0.761795166858458,0.6383194374038975,1.8690288699173325,0.6113006453260065,0.016143852844834328,15,67.29014243898472,0.6398158803222095,0.6018411967779056,0.6271576524741082,0.7410817031070196,0.7698504027617952,0.6363636363636364,0.760644418872267
A,wo_gating,48,0.7813578826237054,0.7068923020533544,2.623486029754602,0.6476096563519802,0.03937852755188942,26,222.30082580643784,0.6375143843498274,0.6133486766398158,0.6121979286536249,0.7330264672036824,0.7779056386651323,0.6340621403912543,0.7790563866513234
A,wo_gating,49,0.7836593785960875,0.633257751805091,3.9154159192721334,0.6776722354515121,0.031612735241651535,17,248.71847481034823,0.6467203682393556,0.17491369390103567,0.5581127733026467,0.7537399309551208,0.7825086306098964,0.6329113924050633,0.7848101265822784
A,wo_gating,50,0.7767548906789413,0.688033287861101,2.579201388056312,0.6663163182227548,0.011568360961973667,21,108.06273584732709,0.6432681242807825,0.6329113924050633,0.620253164556962,0.7330264672036824,0.7733026467203682,0.5857307249712314,0.7790563866513234
A,wo_gating,51,0.7721518987341772,0.6776196786592459,2.6909210592434283,0.6407509496522404,0.008536066859960556,14,76.66423223797058,0.6593785960874569,0.6075949367088608,0.5581127733026467,0.760644418872267,0.7548906789413119,0.6075949367088608,0.7640966628308401
A,wo_spectral,42,0.7836593785960875,0.6695772048235311,,,,31,,0.7848101265822784,0.7779056386651323,0.7675489067894131,0.7088607594936709,0.7836593785960875,0.6996547756041427,0.7836593785960875
A,wo_spectral,43,0.7894131185270425,0.7082502147634749,,,,25,,0.7871116225546605,0.7744533947065593,0.6386651323360184,0.7088607594936709,0.7813578826237054,0.7445339470655926,0.7871116225546605
A,wo_spectral,44,0.7882623705408516,0.6103927478006118,,,,13,,0.7848101265822784,0.7560414269275029,0.567318757192175,0.7008055235903338,0.7859608745684695,0.667433831990794,0.7882623705408516
A,wo_spectral,45,0.7928653624856157,0.6688118223445395,,,,17,,0.7928653624856157,0.7882623705408516,0.6352128883774454,0.7065592635212888,0.7905638665132336,0.7813578826237054,0.7928653624856157
A,wo_spectral,46,0.7779056386651323,0.688364645178591,,,,29,,0.7836593785960875,0.7894131185270425,0.759493670886076,0.7445339470655926,0.7802071346375143,0.7353279631760644,0.7756041426927502
A,wo_spectral,47,0.7813578826237054,0.6780127764642826,,,,16,,0.7744533947065593,0.7825086306098964,0.6513233601841196,0.7203682393555811,0.7779056386651323,0.6731875719217492,0.7825086306098964
A,wo_spectral,48,0.7917146144994246,0.678241663652295,,,,31,,0.7813578826237054,0.7399309551208285,0.7756041426927502,0.6777905638665133,0.7859608745684695,0.6524741081703107,0.7767548906789413
A,wo_spectral,49,0.7917146144994246,0.6811033665740209,,,,17,,0.7928653624856157,0.7928653624856157,0.7733026467203682,0.7456846950517837,0.7917146144994246,0.7238204833141542,0.7894131185270425
A,wo_spectral,50,0.7825086306098964,0.6665400584109155,,,,17,,0.7836593785960875,0.7767548906789413,0.6087456846950517,0.7019562715765247,0.7779056386651323,0.6490218642117376,0.7825086306098964
A,wo_spectral,51,0.7859608745684695,0.714386348880614,,,,23,,0.7882623705408516,0.7813578826237054,0.5949367088607594,0.6915995397008056,0.7882623705408516,0.7583429228998849,0.7882623705408516
A,wo_temporal,42,0.6409666283084005,0.5536944118172659,,,,23,,0.40276179516685845,0.32796317606444186,0.32105868814729577,0.6409666283084005,0.6248561565017261,0.4568469505178366,0.6398158803222095
A,wo_temporal,43,0.6478711162255466,0.5198474435079452,,,,30,,0.380897583429229,0.3383199079401611,0.2428078250863061,0.6478711162255466,0.6317606444188723,0.42117376294591485,0.6536248561565017
A,wo_temporal,44,0.6628308400460299,0.510202732018888,,,,33,,0.4039125431530495,0.4004602991944764,0.2957422324510932,0.6628308400460299,0.6490218642117376,0.44188722669735325,0.6593785960874569
A,wo_temporal,45,0.6352128883774454,0.5101061388974045,,,,51,,0.3878020713463751,0.285385500575374,0.23130034522439585,0.6352128883774454,0.6248561565017261,0.4016110471806674,0.6386651323360184
A,wo_temporal,46,0.6329113924050633,0.5114602539375734,,,,32,,0.41657077100115075,0.30264672036823936,0.20598388952819333,0.6329113924050633,0.6133486766398158,0.46375143843498273,0.6352128883774454
A,wo_temporal,47,0.6467203682393556,0.5331922426251894,,,,46,,0.39010356731875717,0.30724971231300346,0.26352128883774456,0.6467203682393556,0.6340621403912543,0.5120828538550057,0.6524741081703107
A,wo_temporal,48,0.6421173762945915,0.5277901804605097,,,,45,,0.49252013808975836,0.4142692750287687,0.34982738780207134,0.6421173762945915,0.6421173762945915,0.45454545454545453,0.6432681242807825
A,wo_temporal,49,0.6352128883774454,0.5238547323191134,,,,45,,0.37284234752589185,0.2945914844649022,0.27848101265822783,0.6352128883774454,0.6237054085155351,0.38204833141542005,0.620253164556962
A,wo_temporal,50,0.6398158803222095,0.5181981841822844,,,,20,,0.4936708860759494,0.38434982738780205,0.35097813578826237,0.6398158803222095,0.6317606444188723,0.4579976985040276,0.6363636363636364
A,wo_temporal,51,0.6294591484464902,0.5060399938242436,,,,20,,0.46029919447640966,0.33141542002301494,0.3705408515535098,0.6294591484464902,0.6110471806674338,0.47756041426927504,0.6375143843498274
B,full,42,0.9911816578483245,0.9910302154377835,0.933110933529584,0.31242891380312227,0.093202605843544,14,138.3150086658429,0.9876543209876543,0.900352733686067,0.917989417989418,0.9708994708994709,0.9426807760141094,0.9814814814814815,0.9453262786596119
B,full,43,0.9947089947089947,0.9947019850706158,1.8630012496756347,0.4192857233371794,0.08286677300930023,14,170.89559533208651,0.9920634920634921,0.9312169312169312,0.8659611992945326,0.9664902998236331,0.9567901234567902,0.9894179894179894,0.935626102292769
B,full,44,0.9911816578483245,0.991116691936988,0.644585872464356,0.29946792203660616,0.07545412331819534,25,118.83775507322197,0.9911816578483245,0.9805996472663139,0.91005291005291,0.9682539682539683,0.9462081128747796,0.9911816578483245,0.9497354497354498
B,full,45,0.9929453262786596,0.992938209331652,2.163785530577517,0.3138389359325855,0.09660593420267105,32,133.15350036371177,0.9911816578483245,0.9559082892416225,0.8783068783068783,0.9700176366843033,0.9497354497354498,0.9929453262786596,0.9435626102292769
B,full,46,0.9885361552028219,0.9885146129473981,0.41865550562554593,0.36991724323196534,0.08959336578845978,16,154.32520174594623,0.9894179894179894,0.9585537918871252,0.9603174603174603,0.9594356261022927,0.9462081128747796,0.9479717813051146,0.927689594356261
B,full,47,0.9832451499118166,0.9830325514826899,0.9425293257692743,0.31550125184622135,0.12328168749809265,14,277.2552199232778,0.9814814814814815,0.8562610229276896,0.8509700176366843,0.9479717813051146,0.9417989417989417,0.9797178130511464,0.9312169312169312
B,full,48,0.9938271604938271,0.9937844943571501,0.44704745692779474,0.26343311139265563,0.12894195318222046,16,277.3570806818914,0.9920634920634921,0.95326278659612,0.8051146384479718,0.9647266313932981,0.9523809523809523,0.9902998236331569,0.9409171075837742
B,full,49,0.9920634920634921,0.992011519856903,1.3078027055453871,0.3134347068594184,0.09499205648899078,44,129.14693296426938,0.9929453262786596,0.9285714285714286,0.9303350970017636,0.9797178130511464,0.9541446208112875,0.9929453262786596,0.9347442680776014
B,full,50,0.9929453262786596,0.99290112980034,0.6397489121071114,0.42654178892307015,0.07798638939857483,23,150.2928744542376,0.9929453262786596,0.937389770723104,0.8395061728395061,0.9647266313932981,0.9514991181657848,0.9902998236331569,0.935626102292769
B,full,51,0.9955908289241623,0.9955766640281075,0.6883550242442313,0.35443022910926625,0.08478277921676636,20,110.64476904361224,0.9947089947089947,0.8888888888888888,0.9047619047619048,0.9656084656084656,0.9506172839506173,0.9902998236331569,0.935626102292769
B,wo_fusion,42,0.9911816578483245,0.9911797688595377,0.9467110861116166,,,17,,0.9929453262786596,0.8615520282186949,0.9417989417989417,0.9488536155202821,0.9506172839506173,0.9797178130511464,0.6313932980599647
B,wo_fusion,43,0.9938271604938271,0.9937976160706844,0.5101535715342614,,,29,,0.9947089947089947,0.9479717813051146,0.8897707231040565,0.9647266313932981,0.9559082892416225,0.9902998236331569,0.8368606701940036
B,wo_fusion,44,0.9902998236331569,0.9903174100611767,0.43114823146371334,,,16,,0.9894179894179894,0.8844797178130511,0.8968253968253969,0.9523809523809523,0.9453262786596119,0.9885361552028219,0.9303350970017636
B,wo_fusion,45,0.9938271604938271,0.9938257715265431,0.6370626347530992,,,30,,0.9929453262786596,0.9206349206349206,0.9329805996472663,0.9664902998236331,0.9585537918871252,0.9920634920634921,0.9285714285714286
B,wo_fusion,46,0.9894179894179894,0.9894181351276293,0.47327012400994595,,,22,,0.9902998236331569,0.8659611992945326,0.95326278659612,0.9664902998236331,0.9559082892416225,0.9911816578483245,0.9365079365079365
B,wo_fusion,47,0.9929453262786596,0.992943174968012,0.4201576444388805,,,24,,0.9929453262786596,0.9268077601410935,0.8888888888888888,0.9523809523809523,0.9594356261022927,0.9929453262786596,0.935626102292769
B,wo_fusion,48,0.9947089947089947,0.9947291666666666,0.39559803450385184,,,17,,0.9938271604938271,0.8668430335097002,0.8377425044091711,0.9717813051146384,0.9629629629629629,0.9938271604938271,0.927689594356261
B,wo_fusion,49,0.9902998236331569,0.9902853715815321,0.6633066243141236,,,16,,0.9902998236331569,0.8668430335097002,0.8298059964726632,0.9682539682539683,0.9417989417989417,0.9841269841269841,0.9320987654320988
B,wo_fusion,50,0.9929453262786596,0.9929355350043738,0.4891686766874898,,,28,,0.9929453262786596,0.9620811287477954,0.9144620811287478,0.9708994708994709,0.9541446208112875,0.9938271604938271,0.9409171075837742
B,wo_fusion,51,0.9947089947089947,0.994708661417323,0.5928132445871754,,,30,,0.9929453262786596,0.9470899470899471,0.8747795414462081,0.9603174603174603,0.9514991181657848,0.9929453262786596,0.937389770723104
B,wo_gating,42,0.9947089947089947,0.9946861978888819,1.6175955929064487,0.3713872157034558,0.0755809098482132,22,131.5594379621512,0.9938271604938271,0.9118165784832452,0.9320987654320988,0.9761904761904762,0.9594356261022927,0.9814814814814815,0.9400352733686067
B,wo_gating,43,0.9938271604938271,0.9938080495356039,1.0444599326722965,0.38201402109003874,0.0862499549984932,21,211.37440133607245,0.9947089947089947,0.7248677248677249,0.8747795414462081,0.9770723104056437,0.9620811287477954,0.9920634920634921,0.9338624338624338
B,wo_gating,44,0.9991181657848325,0.9991181102362204,2.8660581614376293,0.3451819296482424,0.08896559476852417,25,129.2668197569304,0.9982363315696648,0.9038800705467372,0.9056437389770723,0.9523809523809523,0.9594356261022927,0.9858906525573192,0.9400352733686067
B,wo_gating,45,0.9947089947089947,0.9946853474128629,1.467104949175426,0.3741115750823108,0.07155445963144302,23,115.3065359387308,0.9938271604938271,0.9056437389770723,0.9444444444444444,0.9717813051146384,0.9576719576719577,0.9902998236331569,0.9338624338624338
B,wo_gating,46,0.9911816578483245,0.9911221395092363,2.3599823960681694,0.3782516832772646,0.09614407271146774,25,221.08127121657202,0.9929453262786596,0.9400352733686067,0.8968253968253969,0.9611992945326279,0.9576719576719577,0.9902998236331569,0.9268077601410935
B,wo_gating,47,0.9991181657848325,0.9991181102362204,2.289333886334611,0.3802587848065644,0.09444286674261093,24,250.70585890601302,0.9982363315696648,0.8915343915343915,0.7178130511463845,0.935626102292769,0.955026455026455,0.9982363315696648,0.9409171075837742
B,wo_gating,48,0.9938271604938271,0.9937844943571501,0.7432814507018378,0.35021471553754063,0.09647595137357712,17,272.98902037000056,0.9920634920634921,0.9479717813051146,0.86331569664903,0.972663139329806,0.9576719576719577,0.9902998236331569,0.935626102292769
B,wo_gating,49,0.9973544973544973,0.9973541613749894,7.460421123889402,0.33767988829967005,0.06466026604175568,34,123.27668220187041,0.9991181657848325,0.9585537918871252,0.873015873015873,0.935626102292769,0.9506172839506173,0.9929453262786596,0.9320987654320988
B,wo_gating,50,0.9920634920634921,0.9920764982502186,1.3600134387807565,0.48803265669850915,0.07098554819822311,29,156.7140050789234,0.9902998236331569,0.9206349206349206,0.8421516754850088,0.9753086419753086,0.9523809523809523,0.9911816578483245,0.9329805996472663
B,wo_gating,51,0.9929453262786596,0.9929049248815941,0.7018179425905332,0.33226361951723105,0.07994936406612396,15,161.31552368913276,0.9929453262786596,0.9312169312169312,0.8783068783068783,0.9638447971781305,0.9559082892416225,0.9894179894179894,0.9347442680776014
B,wo_spectral,42,0.9947089947089947,0.9947076504918593,,,,24,,0.9938271604938271,0.9594356261022927,0.6119929453262787,0.9091710758377425,0.9603174603174603,0.9911816578483245,0.8818342151675485
B,wo_spectral,43,0.9982363315696648,0.9982358870967742,,,,23,,0.9991181657848325,0.9876543209876543,0.8447971781305115,0.9197530864197531,0.9700176366843033,0.9982363315696648,0.8835978835978836
B,wo_spectral,44,1.0,1.0,,,,23,,1.0,0.9320987654320988,0.8800705467372134,0.908289241622575,0.9647266313932981,0.9991181657848325,0.8871252204585538
B,wo_spectral,45,1.0,1.0,,,,19,,1.0,0.9303350970017636,0.8395061728395061,0.9038800705467372,0.9594356261022927,0.9982363315696648,0.8880070546737213
B,wo_spectral,46,0.9973544973544973,0.9973471622498801,,,,17,,0.9973544973544973,0.9497354497354498,0.753968253968254,0.8791887125220459,0.9620811287477954,0.9973544973544973,0.8844797178130511
B,wo_spectral,47,0.9982363315696648,0.9982430555555557,,,,18,,0.9991181657848325,0.9215167548500882,0.6472663139329806,0.900352733686067,0.9462081128747796,0.9973544973544973,0.8853615520282186
B,wo_spectral,48,0.9991181657848325,0.9991181102362204,,,,18,,0.9982363315696648,0.9320987654320988,0.8721340388007055,0.8959435626102292,0.9585537918871252,0.9973544973544973,0.8871252204585538
B,wo_spectral,49,0.9991181657848325,0.9991181102362204,,,,18,,1.0,0.9382716049382716,0.9409171075837742,0.8950617283950617,0.9514991181657848,0.9982363315696648,0.8880070546737213
B,wo_spectral,50,0.9991181657848325,0.9991181102362204,,,,19,,0.9991181657848325,0.9417989417989417,0.7283950617283951,0.8932980599647267,0.9488536155202821,0.9982363315696648,0.8871252204585538
B,wo_spectral,51,1.0,1.0,,,,21,,0.9982363315696648,0.9753086419753086,0.9391534391534392,0.8880070546737213,0.9691358024691358,0.9964726631393298,0.8853615520282186
B,wo_temporal,42,0.9056437389770723,0.9031844289474331,,,,28,,0.900352733686067,0.7266313932980599,0.8324514991181657,0.9056437389770723,0.8148148148148148,0.8941798941798942,0.8474426807760141
B,wo_temporal,43,0.9171075837742504,0.918214762169127,,,,49,,0.91005291005291,0.7592592592592593,0.7574955908289241,0.9171075837742504,0.8218694885361552,0.9074074074074074,0.8412698412698413
B,wo_temporal,44,0.9135802469135802,0.9113859610502237,,,,26,,0.908289241622575,0.7848324514991182,0.818342151675485,0.9135802469135802,0.8271604938271605,0.9074074074074074,0.8544973544973545
B,wo_temporal,45,0.9074074074074074,0.9031443976636712,,,,29,,0.8897707231040565,0.7072310405643739,0.7486772486772487,0.9074074074074074,0.8015873015873016,0.8791887125220459,0.8289241622574955
B,wo_temporal,46,0.9047619047619048,0.901022998688931,,,,27,,0.8968253968253969,0.7239858906525574,0.7698412698412699,0.9047619047619048,0.8253968253968254,0.8800705467372134,0.8395061728395061
B,wo_temporal,47,0.9074074074074074,0.9047050357181194,,,,41,,0.8959435626102292,0.6860670194003528,0.7548500881834215,0.9074074074074074,0.8156966490299824,0.873015873015873,0.8589065255731922
B,wo_temporal,48,0.9074074074074074,0.9097129952108253,,,,26,,0.9021164021164021,0.7354497354497355,0.8165784832451499,0.9074074074074074,0.826278659611993,0.908289241622575,0.8941798941798942
B,wo_temporal,49,0.91005291005291,0.9116746322486793,,,,26,,0.9021164021164021,0.7442680776014109,0.7486772486772487,0.91005291005291,0.8271604938271605,0.9135802469135802,0.8218694885361552
B,wo_temporal,50,0.9144620811287478,0.9161191270315374,,,,23,,0.9047619047619048,0.7619047619047619,0.791005291005291,0.9144620811287478,0.8218694885361552,0.8994708994708994,0.8403880070546738
B,wo_temporal,51,0.9109347442680776,0.9102689778716415,,,,28,,0.9012345679012346,0.6843033509700176,0.7918871252204586,0.9109347442680776,0.8165784832451499,0.8959435626102292,0.8421516754850088
C,full,42,0.9929453262786596,0.9929478649440241,0.8899085612087532,0.2964393071965022,0.12504854798316956,22,234.71362885868092,0.9911816578483245,0.9391534391534392,0.9144620811287478,0.9567901234567902,0.9514991181657848,0.9902998236331569,0.9347442680776014
C,full,43,0.9938271604938271,0.9938052662771992,0.2527927948680891,0.36426415167314924,0.09208869934082031,39,153.2872889251355,0.9929453262786596,0.9594356261022927,0.8333333333333334,0.9585537918871252,0.9576719576719577,0.9885361552028219,0.9382716049382716
C,full,44,0.9902998236331569,0.9901818483929818,0.8680670741533931,0.32087504439728354,0.11335649341344833,16,290.78423996362255,0.9911816578483245,0.935626102292769,0.8068783068783069,0.9594356261022927,0.9453262786596119,0.9902998236331569,0.9347442680776014
C,full,45,0.9911816578483245,0.9911228967949128,0.5308942137034532,0.3583843377657579,0.09837489575147629,25,121.14721303533292,0.9902998236331569,0.9479717813051146,0.7724867724867724,0.9603174603174603,0.9523809523809523,0.9894179894179894,0.9391534391534392
C,full,46,0.9911816578483245,0.9911035567087363,2.9474028917363775,0.30675669649414183,0.0967743769288063,22,175.56668949116548,0.9929453262786596,0.9691358024691358,0.9144620811287478,0.9567901234567902,0.9603174603174603,0.9885361552028219,0.9365079365079365
C,full,47,0.9938271604938271,0.9938174247681535,0.6284489531093946,0.3793393112828373,0.1022711768746376,29,230.50549839864576,0.9929453262786596,0.9470899470899471,0.9585537918871252,0.95326278659612,0.9647266313932981,0.9911816578483245,0.9382716049382716
C,full,48,0.9911816578483245,0.9911601279290045,0.6758235945666116,0.36678317310478975,0.1014031246304512,17,179.9121199157123,0.9911816578483245,0.9312169312169312,0.8068783068783069,0.9682539682539683,0.9514991181657848,0.9938271604938271,0.9294532627865961
C,full,49,0.9858906525573192,0.9857661521581055,1.9498708653316361,0.4155500404449932,0.09946879744529724,14,345.190615140959,0.9805996472663139,0.8077601410934744,0.8253968253968254,0.9673721340388007,0.9400352733686067,0.982363315696649,0.9285714285714286
C,full,50,0.9929453262786596,0.9929302115965343,0.6811615673563318,0.3802907910282522,0.0837622731924057,19,143.87248659291888,0.9902998236331569,0.8359788359788359,0.8412698412698413,0.9620811287477954,0.9426807760141094,0.9691358024691358,0.9312169312169312
C,full,51,0.9991181657848325,0.9991181102362204,7.037947155509644,0.26909109697356254,0.06470158696174622,21,123.6338285787887,0.9964726631393298,0.9285714285714286,0.9911816578483245,0.9303350970017636,0.9506172839506173,0.9982363315696648,0.9435626102292769
C,tsnet_vanilla,42,0.9991181657848325,0.9991181102362204,,,,25,,1.0,0.9426807760141094,0.7742504409171076,0.9223985890652557,0.9638447971781305,0.9991181657848325,0.8959435626102292
C,tsnet_vanilla,43,0.9982363315696648,0.9982362760210529,,,,18,,0.9982363315696648,0.9453262786596119,0.7566137566137566,0.900352733686067,0.9647266313932981,0.9982363315696648,0.8827160493827161
C,tsnet_vanilla,44,0.9991181657848325,0.9991181102362204,,,,20,,1.0,0.9523809523809523,0.9541446208112875,0.9047619047619048,0.9479717813051146,0.9973544973544973,0.8871252204585538
C,tsnet_vanilla,45,0.9947089947089947,0.9947278742762613,,,,18,,0.9929453262786596,0.9453262786596119,0.9832451499118166,0.9056437389770723,0.9514991181657848,0.9938271604938271,0.8800705467372134
C,tsnet_vanilla,46,0.9991181657848325,0.9991181102362204,,,,25,,0.9991181657848325,0.9365079365079365,0.9770723104056437,0.8915343915343915,0.9664902998236331,0.9982363315696648,0.8888888888888888
C,tsnet_vanilla,47,1.0,1.0,,,,19,,1.0,0.9338624338624338,0.7583774250440917,0.8977072310405644,0.9647266313932981,0.9991181657848325,0.9118165784832452
C,tsnet_vanilla,48,0.9982363315696648,0.9982290520136596,,,,16,,0.9973544973544973,0.9409171075837742,0.6825396825396826,0.9241622574955908,0.955026455026455,0.9964726631393298,0.8862433862433863
C,tsnet_vanilla,49,0.9991181657848325,0.9991181102362204,,,,18,,0.9982363315696648,0.9347442680776014,0.7063492063492064,0.8880070546737213,0.9523809523809523,0.9982363315696648,0.890652557319224
C,tsnet_vanilla,50,0.9991181657848325,0.9991181102362204,,,,20,,0.9991181657848325,0.9664902998236331,0.7627865961199295,0.9056437389770723,0.955026455026455,1.0,0.892416225749559
C,tsnet_vanilla,51,0.9991181657848325,0.9991181102362204,,,,17,,0.9982363315696648,0.9585537918871252,0.7442680776014109,0.9223985890652557,0.9541446208112875,0.9991181657848325,0.8862433862433863
C,wo_fusion,42,0.9947089947089947,0.9946801039710986,0.7693420466526572,,,46,,0.9955908289241623,0.9144620811287478,0.8580246913580247,0.9462081128747796,0.9638447971781305,0.9955908289241623,0.9382716049382716
C,wo_fusion,43,0.9955908289241623,0.9955680876526612,0.5588063495440168,,,21,,0.9964726631393298,0.9673721340388007,0.8245149911816578,0.9559082892416225,0.9611992945326279,0.9947089947089947,0.9382716049382716
C,wo_fusion,44,0.9929453262786596,0.9929722222222223,0.433529586898566,,,18,,0.9911816578483245,0.9285714285714286,0.9514991181657848,0.9691358024691358,0.9514991181657848,0.9947089947089947,0.9338624338624338
C,wo_fusion,45,0.9920634920634921,0.9920563195678724,0.4420631566989891,,,23,,0.9911816578483245,0.9091710758377425,0.9382716049382716,0.9638447971781305,0.9594356261022927,0.9902998236331569,0.935626102292769
C,wo_fusion,46,0.9938271604938271,0.9937966897303487,0.7320785855488876,,,33,,0.9911816578483245,0.9118165784832452,0.9347442680776014,0.9594356261022927,0.9629629629629629,0.9894179894179894,0.9250440917107584
C,wo_fusion,47,0.9911816578483245,0.9911903736821769,0.4422704716568351,,,21,,0.9920634920634921,0.86331569664903,0.892416225749559,0.9470899470899471,0.9620811287477954,0.9902998236331569,0.9347442680776014
C,wo_fusion,48,0.9955908289241623,0.9955766640281075,0.42872226156216303,,,31,,0.9920634920634921,0.927689594356261,0.8818342151675485,0.9611992945326279,0.9611992945326279,0.9929453262786596,0.9338624338624338
C,wo_fusion,49,0.9938271604938271,0.9937986111111111,0.4427756947707844,,,20,,0.9938271604938271,0.900352733686067,0.8809523809523809,0.9664902998236331,0.9523809523809523,0.9929453262786596,0.9338624338624338
C,wo_fusion,50,0.9982363315696648,0.9982362204724409,1.4312359507498742,,,17,,0.9991181657848325,0.9391534391534392,0.8536155202821869,0.9391534391534392,0.9514991181657848,0.9973544973544973,0.9391534391534392
C,wo_fusion,51,0.9938271604938271,0.9938201508554481,0.6362719299342681,,,24,,0.9911816578483245,0.9320987654320988,0.791005291005291,0.9470899470899471,0.9453262786596119,0.9832451499118166,0.9312169312169312
C,wo_gating,42,0.9955908289241623,0.9955763888888889,1.6192932420917858,0.3372629271359254,0.07865703105926514,29,140.88732247493385,0.9938271604938271,0.9462081128747796,0.8959435626102292,0.9708994708994709,0.9594356261022927,0.9938271604938271,0.9391534391534392
C,wo_gating,43,0.9947089947089947,0.9947140674057403,1.3172418952213376,0.3678035309521458,0.09555154293775558,20,241.36702961762052,0.9947089947089947,0.9312169312169312,0.843915343915344,0.9603174603174603,0.9559082892416225,0.9858906525573192,0.9365079365079365
C,wo_gating,44,0.9955908289241623,0.9955761613187689,1.2752650596252162,0.3361396036734576,0.07965423911809921,18,141.68043678345137,0.9955908289241623,0.9603174603174603,0.9426807760141094,0.9462081128747796,0.9488536155202821,0.9929453262786596,0.9409171075837742
C,wo_gating,45,0.9938271604938271,0.993811725418127,1.2664258057059588,0.375729834829922,0.07322273403406143,21,99.94637866378736,0.9929453262786596,0.9435626102292769,0.9497354497354498,0.9647266313932981,0.9541446208112875,0.9920634920634921,0.937389770723104
C,wo_gating,46,0.9911816578483245,0.9912112350150379,1.0226089265045535,0.3936723796902049,0.07116315513849258,29,37.60234251004103,0.9902998236331569,0.9426807760141094,0.9250440917107584,0.9735449735449735,0.9673721340388007,0.9902998236331569,0.9320987654320988
C,wo_gating,47,1.0,1.0,2.9268454170894804,0.33348538002727585,0.08430370688438416,31,157.79128411628017,1.0,0.9329805996472663,0.6049382716049383,0.9312169312169312,0.9576719576719577,0.9947089947089947,0.9444444444444444
C,wo_gating,48,0.9938271604938271,0.9938044192223262,0.5190152044386263,0.30447527238070415,0.08157423138618469,22,160.9269992173999,0.9920634920634921,0.9594356261022927,0.8950617283950617,0.9647266313932981,0.9594356261022927,0.9365079365079365,0.937389770723104
C,wo_gating,49,0.9973544973544973,0.9973544418058853,3.415885451669582,0.3696565982073684,0.10612315684556961,20,354.7789594857641,0.9982363315696648,0.9021164021164021,0.9708994708994709,0.9514991181657848,0.9462081128747796,0.9832451499118166,0.9365079365079365
C,wo_gating,50,0.9938271604938271,0.9937966897303487,1.0221873818588685,0.4071249560012253,0.08567216992378235,39,90.01718468271429,0.9938271604938271,0.8950617283950617,0.8077601410934744,0.9629629629629629,0.9514991181657848,0.9858906525573192,0.937389770723104
C,wo_gating,51,0.9938271604938271,0.9937896906052394,0.3916983791441406,0.38680237217803587,0.08670314401388168,23,205.69332568673147,0.9938271604938271,0.9479717813051146,0.7865961199294532,0.955026455026455,0.9523809523809523,0.9894179894179894,0.935626102292769
C,wo_spectral,42,0.9982363315696648,0.9982430555555557,,,,24,,0.9991181657848325,0.9453262786596119,0.564373897707231,0.917989417989418,0.9603174603174603,0.9973544973544973,0.8871252204585538
C,wo_spectral,43,0.9991181657848325,0.9991181102362204,,,,17,,0.9991181657848325,0.8580246913580247,0.5987654320987654,0.9047619047619048,0.9682539682539683,0.9991181657848325,0.8862433862433863
C,wo_spectral,44,0.9991181657848325,0.9991181102362204,,,,26,,0.9991181657848325,0.9673721340388007,0.7592592592592593,0.8932980599647267,0.9691358024691358,0.9982363315696648,0.8880070546737213
C,wo_spectral,45,0.9991181657848325,0.9991181102362204,,,,26,,1.0,0.9656084656084656,0.9559082892416225,0.9065255731922398,0.9656084656084656,0.9982363315696648,0.8862433862433863
C,wo_spectral,46,0.9973544973544973,0.9973541666666667,,,,23,,0.9973544973544973,0.9435626102292769,0.9453262786596119,0.91005291005291,0.9629629629629629,0.9973544973544973,0.8853615520282186
C,wo_spectral,47,1.0,1.0,,,,20,,1.0,0.9435626102292769,0.6331569664902998,0.8800705467372134,0.9559082892416225,0.9982363315696648,0.8880070546737213
C,wo_spectral,48,0.9982363315696648,0.9982358870967742,,,,20,,0.9991181657848325,0.9365079365079365,0.8668430335097002,0.8844797178130511,0.9603174603174603,0.9955908289241623,0.8888888888888888
C,wo_spectral,49,0.9982363315696648,0.9982362760210529,,,,19,,0.9991181657848325,0.9514991181657848,0.8068783068783069,0.8915343915343915,0.9470899470899471,0.9761904761904762,0.8862433862433863
C,wo_spectral,50,0.9991181657848325,0.9991181102362204,,,,21,,1.0,0.9285714285714286,0.8668430335097002,0.8959435626102292,0.95326278659612,0.9982363315696648,0.8880070546737213
C,wo_spectral,51,1.0,1.0,,,,18,,0.9991181657848325,0.8932980599647267,0.8165784832451499,0.8888888888888888,0.9594356261022927,0.9982363315696648,0.8862433862433863
C,wo_temporal,42,0.9056437389770723,0.9031844289474331,,,,28,,0.900352733686067,0.7266313932980599,0.8324514991181657,0.9056437389770723,0.8148148148148148,0.8941798941798942,0.8474426807760141
C,wo_temporal,43,0.9171075837742504,0.918214762169127,,,,49,,0.91005291005291,0.7592592592592593,0.7574955908289241,0.9171075837742504,0.8218694885361552,0.9074074074074074,0.8412698412698413
C,wo_temporal,44,0.9135802469135802,0.9113859610502237,,,,26,,0.908289241622575,0.7848324514991182,0.818342151675485,0.9135802469135802,0.8271604938271605,0.9074074074074074,0.8544973544973545
C,wo_temporal,45,0.9074074074074074,0.9031443976636712,,,,29,,0.8897707231040565,0.7072310405643739,0.7486772486772487,0.9074074074074074,0.8015873015873016,0.8791887125220459,0.8289241622574955
C,wo_temporal,46,0.9047619047619048,0.901022998688931,,,,27,,0.8968253968253969,0.7239858906525574,0.7698412698412699,0.9047619047619048,0.8253968253968254,0.8800705467372134,0.8395061728395061
C,wo_temporal,47,0.9074074074074074,0.9047050357181194,,,,41,,0.8959435626102292,0.6860670194003528,0.7548500881834215,0.9074074074074074,0.8156966490299824,0.873015873015873,0.8589065255731922
C,wo_temporal,48,0.9074074074074074,0.9097129952108253,,,,26,,0.9021164021164021,0.7354497354497355,0.8165784832451499,0.9074074074074074,0.826278659611993,0.908289241622575,0.8941798941798942
C,wo_temporal,49,0.91005291005291,0.9116746322486793,,,,26,,0.9021164021164021,0.7442680776014109,0.7486772486772487,0.91005291005291,0.8271604938271605,0.9135802469135802,0.8218694885361552
C,wo_temporal,50,0.9144620811287478,0.9161191270315374,,,,23,,0.9047619047619048,0.7619047619047619,0.791005291005291,0.9144620811287478,0.8218694885361552,0.8994708994708994,0.8403880070546738
C,wo_temporal,51,0.9109347442680776,0.9102689778716415,,,,28,,0.9012345679012346,0.6843033509700176,0.7918871252204586,0.9109347442680776,0.8165784832451499,0.8959435626102292,0.8421516754850088
D,full,42,0.9981246190632472,0.998569269344331,3.8529297523090476,0.29912333036458205,0.09011078625917435,42,17.75230541591548,0.9344554362604904,0.4003625736477722,0.4926469439104818,0.8159626174066608,0.7730007657805492,0.4100520418209949,0.9162798693484614
D,full,43,0.9982965289824496,0.9986669218741393,4.013809226506705,0.5177618445230487,0.07484206557273865,36,716.055515865961,0.6946723553221749,0.3842655539406442,0.4467626236579305,0.8351852720083767,0.7426195946051541,0.41008329816994077,0.9617891134136621
D,full,44,0.9986559769953272,0.9988227076520878,3.248221116719111,0.5655140062679201,0.06798076629638672,22,911.8896122702512,0.8354509509744167,0.4585306390360542,0.49167799709315957,0.8289808867426196,0.6990951286980168,0.5482988732086205,0.9084345257630456
D,full,45,0.9982652726335037,0.9982560730676583,3.2537907439703626,0.63281473747396,0.06800965219736099,18,2178.2666902204246,0.7806116867488708,0.3674027536843421,0.39503336615249973,0.8365136668385765,0.7456827168018504,0.4201165861815681,0.9223279728694891
D,full,46,0.9986403488208543,0.9989387428528852,5.149368051882282,0.43697478963681824,0.07710764557123184,38,1032.5848052010108,0.5445012268116961,0.4138653163923922,0.33552127775954493,0.7994123806398175,0.7724850360229422,0.4750652476284245,0.9405973088283558
D,full,47,0.9982027599356119,0.9978890172458899,4.302443746488111,0.5076193640523864,0.08669368922710419,26,1230.9215680371808,0.7267413693406474,0.35575976370200196,0.5107443699501462,0.825511432009627,0.7775798209011205,0.4647350243018113,0.9340803600731399
D,full,48,0.9989216559613672,0.9990827499472029,4.9790172385209255,0.547961505617286,0.07435984909534454,22,516.8558544760795,0.9284854736118274,0.5814774876146718,0.5049775735696314,0.8281682216700267,0.7191460765467985,0.7070342413302703,0.9205776173285198
D,full,49,0.9989060277868942,0.9990486142575318,4.392027528505798,0.49807939443021443,0.07093723863363266,32,626.4218762104623,0.777986153437417,0.3967212089955772,0.4973510244268367,0.8332473783737322,0.7527310234891462,0.48928688639879975,0.9100129713848125
D,full,50,0.9992654757997719,0.9991951456215953,4.019044577320062,0.4207072772009632,0.09596565365791321,39,629.8484958183565,0.919749324081454,0.3802647412755716,0.5994655164330255,0.8269804804100833,0.7720630753121728,0.5397658899463954,0.9341428727710316
D,full,51,0.9983434135058684,0.998312365315394,4.402823722613268,0.46158154652818173,0.08522099256515503,34,1105.8552845374895,0.7186616031381374,0.37871755200275053,0.4117242564895994,0.8297622954662666,0.7883320049385031,0.31879913107349933,0.9400346945473299
D,wo_fusion,42,0.9985465797740166,0.9980730962228224,3.537570314190764,,,30,,0.4580149092784472,0.34374169753231126,0.43944863800459466,0.8166190007345242,0.7183802959976245,0.3445074780814853,0.9400034381983841
D,wo_fusion,43,0.998437182552706,0.9987397760616039,3.851720472018562,,,16,,0.6892024942566459,0.41988216356447405,0.4402613030771875,0.7986153437416975,0.7247097066591651,0.4534671105068217,0.92546923593855
D,wo_fusion,44,0.9981871317611389,0.9985350965324395,3.198995441219819,,,44,,0.8375763827027365,0.3733883445074781,0.5039773704033632,0.825511432009627,0.6969853251441699,0.48394205072905433,0.9283135636926251
D,wo_fusion,45,0.9988435150890025,0.9987939459392357,2.6695071048452905,,,61,,0.6568834294466064,0.11667995061496866,0.46290652788847736,0.8287308359510526,0.7707815650053917,0.23900167221466861,0.9245002891212277
D,wo_fusion,46,0.9993436166721366,0.9994402763669025,4.016540423865425,,,21,,0.6643380686701986,0.3875162142310157,0.4266960476346758,0.8380764842858706,0.7261631268851485,0.35136824667510586,0.8918374044727835
D,wo_fusion,47,0.9983902980292872,0.9982069280620244,3.168818845166506,,,43,,0.8448747401815994,0.3746542266397862,0.5979339553346773,0.8155562848703642,0.7489177489177489,0.5225280135027427,0.9306109053401472
D,wo_fusion,48,0.9980152218419367,0.9985040146973896,2.7521862535001094,,,44,,0.8290433994405113,0.45898385609576947,0.47750324284620316,0.8293403347554972,0.7705002578648789,0.43605732414396675,0.9416443965180428
D,wo_fusion,49,0.9991248222295154,0.9992260431803484,3.266997613950114,,,40,,0.685279822463938,0.380421023020301,0.4542954037538875,0.8280744526231891,0.745776485848688,0.40494162876834355,0.9300482910591213
D,wo_fusion,50,0.9988122587400565,0.9983085728949752,2.8785992354881946,,,72,,0.6849360026255333,0.1883351305733977,0.505055714441996,0.830184256177036,0.7825495803835154,0.30782815259349555,0.9440823917358213
D,wo_fusion,51,0.9990466813571507,0.999138585333796,4.218894738377429,,,26,,0.6612593182990295,0.10164564677200057,0.5045868692078078,0.8208073514932721,0.7409473799365496,0.20150968165408598,0.9329551315110882
D,wo_gating,42,0.9982809008079766,0.9983798471460694,3.781712768404333,0.6718984326021359,0.05675235763192177,38,1732.7542743263655,0.8448747401815994,0.4115992310938159,0.47193961273383656,0.8225420788597684,0.7720787034866458,0.5464547486208136,0.9204369637582634
D,wo_gating,43,0.9978589400972072,0.9982233387665624,3.956759354933152,0.6745705461986019,0.05741824954748154,20,2273.934499029472,0.862894025348899,0.5506430993795615,0.5033209870754997,0.8287933486489443,0.7279603669495366,0.6755122134183505,0.9001203369434416
D,wo_gating,44,0.998687233344273,0.9988513169608073,4.232821017233401,0.7231486323749338,0.05748346447944641,30,1900.5288370340465,0.8201353399909357,0.4738775063684811,0.516995639739322,0.8347633112976073,0.7440886430056105,0.5430165502367669,0.9100598559082314
D,wo_gating,45,0.998718489693219,0.9989439884366931,3.465874075005021,0.5261645093498633,0.07616143673658371,39,2211.5985763985345,0.36132339381436857,0.09723850157063153,0.3941113038585963,0.8341694406676357,0.7747980058449373,0.2163877037523247,0.9198430931282917
D,wo_gating,46,0.9982652726335037,0.9984487134509,4.185560141712408,0.602194863852469,0.06609801948070526,38,1172.8094294226976,0.7472611624236173,0.37120040008126653,0.5267319924359636,0.8242455498773188,0.7874255708190726,0.4112710394298842,0.933767796583681
D,wo_gating,47,0.9981246190632472,0.9981179058894438,4.2660126371147244,0.6256681609175406,0.06272240728139877,34,1112.342518391067,0.435213402722428,0.38601590948161346,0.42027286792629753,0.8165564880366324,0.7709065904011753,0.4130682794942723,0.9320486973916576
D,wo_gating,48,0.9972806976417085,0.9978054414105714,4.1823056903192946,0.6728165593799902,0.06575427949428558,33,2220.778094031562,0.7260068451404191,0.10828762092299998,0.4283057496053886,0.8352477847062685,0.7415099942175755,0.31504836919999374,0.9270164252113711
D,wo_gating,49,0.9978901964461532,0.9982818418421595,5.828325868648732,0.6705834458216166,0.05184873566031456,29,1570.3497419945652,0.9414724865988404,0.7301483113757482,0.45776485848688014,0.8117742666479129,0.7486833263006548,0.6708081329019957,0.9289699470204885
D,wo_gating,50,0.9983121571569225,0.998638112829951,4.031259129111677,0.6747220884129895,0.060778871178627014,31,1196.9899180727255,0.6276118586587901,0.3763576976573366,0.4044884117086283,0.8290121430915655,0.7402597402597403,0.3864691265413287,0.9300170347101755
D,wo_gating,51,0.9985622079484895,0.9987016312701046,4.823807066536118,0.6699426800803449,0.05862037464976311,23,3264.8796210159053,0.8813977839248598,0.4878959788707081,0.5063372247487771,0.7980683576351446,0.7661868817103474,0.6073421163673871,0.9214996796224233
D,wo_spectral,42,0.9981246190632472,0.9979943447360689,,,,24,,0.9944519980621064,0.8411552346570397,0.6236423023426634,0.7421976338943848,0.7811899292043697,0.9211871161329646,0.9266257208495475
D,wo_spectral,43,0.9982809008079766,0.9983480184757847,,,,29,,0.9956241111475769,0.858986981730664,0.5293262693984716,0.7659837154421992,0.7960523231281355,0.9170143935486896,0.914310719364871
D,wo_spectral,44,0.9983434135058684,0.9983246995849469,,,,34,,0.9954678294028475,0.8254332911372623,0.659305796489912,0.7559347992560989,0.8060699829652899,0.9507243658868207,0.9419413318330286
D,wo_spectral,45,0.997140044071452,0.9971830577057491,,,,24,,0.9938268710831888,0.823417256630253,0.4030818760060637,0.7549658524387767,0.787066122806195,0.9297200993951896,0.9304546235954179
D,wo_spectral,46,0.9976870301780049,0.9978681044322607,,,,29,,0.9944207417131605,0.8396236735586916,0.6908434525763045,0.7602325472361573,0.7954584524981637,0.9281729101223686,0.9132480035007111
D,wo_spectral,47,0.9980464781908825,0.9981997694161869,,,,40,,0.9949520996452405,0.8320440089393158,0.6713394908340756,0.7495116195477206,0.7971462953412412,0.9273289887008298,0.9406910778751933
D,wo_spectral,48,0.9989841686592589,0.9990633489056031,,,,28,,0.9958429055901981,0.8489224373700908,0.5494084735961993,0.7576538984481223,0.7973494616093894,0.9362057918014597,0.9357994592651633
D,wo_spectral,49,0.9971087877225061,0.997510794985782,,,,37,,0.9943113444918499,0.8358885398596589,0.5839154828324503,0.7534342913404285,0.8011627361807867,0.931704877553253,0.9257817994280089
D,wo_spectral,50,0.997405723037492,0.9968072027959729,,,,21,,0.9942019472705393,0.8426867957553879,0.6750902527075813,0.756966258771313,0.7883788894619219,0.936112022754622,0.9211402316095457
D,wo_spectral,51,0.9979683373185179,0.9981574992720226,,,,39,,0.9954678294028475,0.8220419772766343,0.5555034616406458,0.7609358150874397,0.8001781611889915,0.9321112100895494,0.9332208104771281
D,wo_temporal,42,0.9726038101489365,0.9769791637156738,,,,59,,0.42335161829746665,0.374966790129245,0.3965805554253208,0.9726038101489365,0.6618063044055824,0.3701689405660525,0.7563255036179224
D,wo_temporal,43,0.9703220966758873,0.9748883902915143,,,,43,,0.1904136777782987,0.1875380936752778,0.22668667072999202,0.9703220966758873,0.7027677496991577,0.1875380936752778,0.7454014096613375
D,wo_temporal,44,0.972478784753153,0.9769847425901879,,,,37,,0.3932986387860034,0.18810070795630363,0.37151296357072533,0.972478784753153,0.6780439776829669,0.2289527560285683,0.7777517308203229
D,wo_temporal,45,0.9719317986466001,0.9764110800085153,,,,53,,0.2599746823573538,0.23260974885523622,0.3080000625126979,0.9719317986466001,0.6188913373028897,0.20333817806741994,0.7399940612937003
D,wo_temporal,46,0.9728226045915577,0.9776798458782608,,,,40,,0.3403660118461562,0.1875380936752778,0.31237595136512103,0.9728226045915577,0.6572585056339569,0.2300936127650929,0.7690624658133683
D,wo_temporal,47,0.970415865722725,0.9754930366817773,,,,40,,0.35415006173128916,0.18489693218935097,0.3802959976245175,0.970415865722725,0.6714645162298591,0.16669010892837607,0.7388219482082298
D,wo_temporal,48,0.9692593808117274,0.9740653776845569,,,,30,,0.18794442621157423,0.1875380936752778,0.23078125244190226,0.9692593808117274,0.6894681732226858,0.18760060637316955,0.7428071326988295
D,wo_temporal,49,0.9736352696641505,0.9775970632642219,,,,53,,0.38539078250269587,0.31728319814962413,0.25433291137262254,0.9736352696641505,0.6638848516104834,0.3392876678075234,0.7457296013252692
D,wo_temporal,50,0.9703064685014143,0.9749699854568059,,,,40,,0.21083970181443107,0.18777251629237188,0.2665854001594074,0.9703064685014143,0.645787425570819,0.18930407739072,0.7399471767702814
D,wo_temporal,51,0.9710097363526966,0.97584398425288,,,,41,,0.3229562254833013,0.1875380936752778,0.22643661993842498,0.9710097363526966,0.6501945707721881,0.19255473768109146,0.7504649381905699
O,full,42,0.7848101265822784,0.5805485977260635,1.086714801380789,0.5051122770470712,0.012596359476447105,13,191.159671613587,0.6605293440736478,0.6398158803222095,0.6582278481012658,0.7433831990794016,0.7836593785960875,0.6260069044879172,0.7836593785960875
O,full,43,0.7756041426927502,0.6145727686165502,1.9465957466422728,0.5354764465148346,0.04109395295381546,24,178.68852757875828,0.6386651323360184,0.5523590333716916,0.5949367088607594,0.7387802071346375,0.7733026467203682,0.6156501726121979,0.7756041426927502
O,full,44,0.7813578826237054,0.6136455863406156,0.8539961302988762,0.5764867246872117,0.018397001549601555,13,151.4377350697411,0.6260069044879172,0.5489067894131185,0.5454545454545454,0.7640966628308401,0.7779056386651323,0.6144994246260069,0.7802071346375143
O,full,45,0.7756041426927502,0.5919492038874523,1.652193616113481,0.36339259175639066,0.03327663987874985,36,291.2468063045534,0.7537399309551208,0.7226697353279632,0.5281933256616801,0.7733026467203682,0.7744533947065593,0.6329113924050633,0.7767548906789413
O,full,46,0.7836593785960875,0.51926379296082,1.7189311170584562,0.5559491538553825,0.025616025552153587,13,230.4602367965396,0.7825086306098964,0.6237054085155351,0.7790563866513234,0.7226697353279632,0.7836593785960875,0.6559263521288837,0.7802071346375143
O,full,47,0.7698504027617952,0.6492386612883412,1.422926336363203,0.5344967767934252,0.03346043452620506,23,278.7732964328064,0.6329113924050633,0.620253164556962,0.6432681242807825,0.7284234752589183,0.7698504027617952,0.6317606444188723,0.7790563866513234
O,full,48,0.766398158803222,0.5648517814568561,1.4043683208044406,0.6104405623855347,0.0161578468978405,15,140.38800493079313,0.6283084004602992,0.663981588032221,0.567318757192175,0.7525891829689298,0.759493670886076,0.6283084004602992,0.7686996547756041
O,full,49,0.7871116225546605,0.7016143754500107,1.783548512748586,0.5078818623501463,0.02989841252565384,35,247.32191474847113,0.6409666283084005,0.5960874568469505,0.5558112773302647,0.7468354430379747,0.7836593785960875,0.619102416570771,0.7790563866513234
O,full,50,0.7733026467203682,0.6470812721819935,1.6527261985747224,0.6008974468656336,0.03158627450466156,15,198.9183950347152,0.7537399309551208,0.5615650172612198,0.5891829689298044,0.7422324510932106,0.7733026467203682,0.6064441887226697,0.7733026467203682
O,full,51,0.7963176064441887,0.6817244741156263,2.0130740218716796,0.6017917820624734,0.02416667342185974,17,180.96995163495507,0.6501726121979287,0.6260069044879172,0.620253164556962,0.766398158803222,0.7848101265822784,0.6973532796317606,0.7825086306098964
O,wo_dynamic_gating,42,0.7802071346375143,0.634977190807141,2.232824692660676,0.596923432934654,0.04283067584037781,31,210.76349271476295,0.6962025316455697,0.616800920598389,0.622554660529344,0.7410817031070196,0.7779056386651323,0.6409666283084005,0.7710011507479861
O,wo_dynamic_gating,43,0.7790563866513234,0.7078638694617928,1.0984340685030172,0.5832429681929777,0.011182863265275955,23,93.35499168938854,0.6329113924050633,0.6421173762945915,0.6156501726121979,0.7307249712313003,0.7813578826237054,0.6133486766398158,0.7802071346375143
O,wo_dynamic_gating,44,0.7905638665132336,0.5565690353039829,2.4255166917148907,0.5426290560465716,0.029446512460708618,13,205.54729573818253,0.6524741081703107,0.6248561565017261,0.6421173762945915,0.7686996547756041,0.7871116225546605,0.6547756041426928,0.7894131185270425
O,wo_dynamic_gating,45,0.7710011507479861,0.5546315936468355,1.895011614947637,0.5301928836453459,0.02165834791958332,13,208.31744554756287,0.6283084004602992,0.6041426927502876,0.6294591484464902,0.761795166858458,0.7686996547756041,0.6260069044879172,0.766398158803222
O,wo_dynamic_gating,46,0.7767548906789413,0.6294356990853887,2.9763979258487385,0.512228377943568,0.048226289451122284,21,180.82727176948418,0.7560414269275029,0.716915995397008,0.5995397008055235,0.7560414269275029,0.7640966628308401,0.6605293440736478,0.7686996547756041
O,wo_dynamic_gating,47,0.762945914844649,0.6784749272836096,2.3376109826343683,0.5415839635921704,0.02495383471250534,18,187.27804026267694,0.6363636363636364,0.6018411967779056,0.6144994246260069,0.7479861910241657,0.760644418872267,0.6386651323360184,0.7686996547756041
O,wo_dynamic_gating,48,0.7825086306098964,0.5756052863623992,0.7018747163182637,0.5465407617195581,0.02282891608774662,43,133.6231323777655,0.7054085155350979,0.5443037974683544,0.5857307249712314,0.7744533947065593,0.7756041426927502,0.6685845799769851,0.7836593785960875
O,wo_dynamic_gating,49,0.7721518987341772,0.6346967854594969,1.0828400200290418,0.5068546588603521,0.015597930178046227,13,185.99837220780657,0.6536248561565017,0.6018411967779056,0.6375143843498274,0.757192174913694,0.7686996547756041,0.6524741081703107,0.7698504027617952
O,wo_dynamic_gating,50,0.7790563866513234,0.49576717700669626,1.6034126718627153,0.5787829715163718,0.017980379983782768,12,273.70157401349394,0.6467203682393556,0.6214039125431531,0.6133486766398158,0.7514384349827388,0.7756041426927502,0.6570771001150748,0.7756041426927502
O,wo_dynamic_gating,51,0.7882623705408516,0.7119515369999603,1.7407185331926276,0.46727222895455967,0.028378140181303024,39,289.1924943874164,0.6996547756041427,0.6904487917146145,0.6363636363636364,0.7445339470655926,0.7836593785960875,0.6352128883774454,0.7894131185270425
O,wo_fusion,42,0.7825086306098964,0.7106990407893675,1.4589542760604226,,,23,,0.6582278481012658,0.7318757192174914,0.7180667433831991,0.7445339470655926,0.7790563866513234,0.7123130034522439,0.7813578826237054
O,wo_fusion,43,0.7963176064441887,0.6810575542942818,1.0260080829131224,,,33,,0.6052934407364787,0.714614499424626,0.6386651323360184,0.7560414269275029,0.7871116225546605,0.5949367088607594,0.7951668584579977
O,wo_fusion,44,0.7836593785960875,0.5780699770651638,1.2620263324682135,,,13,,0.715765247410817,0.759493670886076,0.5995397008055235,0.7733026467203682,0.7813578826237054,0.6823935558112774,0.7756041426927502
O,wo_fusion,45,0.7686996547756041,0.6851166810020257,1.3671277996767648,,,22,,0.715765247410817,0.7307249712313003,0.6144994246260069,0.7525891829689298,0.7640966628308401,0.6823935558112774,0.760644418872267
O,wo_fusion,46,0.7882623705408516,0.6205913076235957,1.466685066657901,,,13,,0.6421173762945915,0.7537399309551208,0.6133486766398158,0.7836593785960875,0.7859608745684695,0.6386651323360184,0.7744533947065593
O,wo_fusion,47,0.7733026467203682,0.49428521916210383,1.117754962164193,,,12,,0.762945914844649,0.714614499424626,0.7675489067894131,0.7721518987341772,0.7652474108170311,0.7468354430379747,0.759493670886076
O,wo_fusion,48,0.7756041426927502,0.505378996246759,1.0338343241698613,,,13,,0.6363636363636364,0.7537399309551208,0.6098964326812428,0.7652474108170311,0.7721518987341772,0.6329113924050633,0.7721518987341772
O,wo_fusion,49,0.762945914844649,0.6987067814470939,1.3393127377004692,,,18,,0.6455696202531646,0.7295742232451093,0.569620253164557,0.7284234752589183,0.7640966628308401,0.6260069044879172,0.762945914844649
O,wo_fusion,50,0.7836593785960875,0.7111404125178997,1.309200271795984,,,23,,0.6904487917146145,0.714614499424626,0.619102416570771,0.7456846950517837,0.7756041426927502,0.6375143843498274,0.7871116225546605
O,wo_fusion,51,0.7871116225546605,0.6316056017199363,1.4697567560942735,,,13,,0.6283084004602992,0.7088607594936709,0.5155350978135789,0.7560414269275029,0.7825086306098964,0.6340621403912543,0.7859608745684695
O,wo_gating,42,0.7767548906789413,0.6784479225365304,1.611101842832757,0.6825711115330008,0.026299426332116127,17,222.51449805478876,0.6317606444188723,0.6306098964326813,0.6432681242807825,0.7422324510932106,0.7767548906789413,0.6536248561565017,0.7756041426927502
O,wo_gating,43,0.7779056386651323,0.7005988357183972,2.9530077561125667,0.5185037258373748,0.041200075298547745,39,304.6492808880454,0.6858457997698504,0.5880322209436134,0.619102416570771,0.7387802071346375,0.7756041426927502,0.5834292289988493,0.7756041426927502
O,wo_gating,44,0.761795166858458,0.6986294071508365,1.6189414302070708,0.5926244180246666,0.016997745260596275,18,173.38672627442475,0.6029919447640967,0.6052934407364787,0.5903337169159953,0.7525891829689298,0.757192174913694,0.5926352128883774,0.760644418872267
O,wo_gating,45,0.7813578826237054,0.6962813806500682,1.8947346342001388,0.5512893471936978,0.02632923237979412,17,385.4577785463963,0.6915995397008056,0.45454545454545453,0.6536248561565017,0.7468354430379747,0.7790563866513234,0.6363636363636364,0.7675489067894131
O,wo_gating,46,0.7848101265822784,0.6302711296201847,1.7095813851691513,0.46424686976778246,0.007730807177722454,22,113.15140012222098,0.619102416570771,0.6121979286536249,0.6052934407364787,0.7295742232451093,0.7790563866513234,0.6156501726121979,0.7825086306098964
O,wo_gating,47,0.7848101265822784,0.6083054339285412,2.6789825023281333,0.606305269414181,0.03008132055401802,13,318.33541641019707,0.6547756041426928,0.6294591484464902,0.6444188722669736,0.760644418872267,0.7882623705408516,0.6582278481012658,0.7825086306098964
O,wo_gating,48,0.7997698504027618,0.6465670581005788,1.9309683013801648,0.6352140125876167,0.017688652500510216,13,177.40132294647438,0.6708860759493671,0.6524741081703107,0.6329113924050633,0.7790563866513234,0.7963176064441887,0.6559263521288837,0.7986191024165707
O,wo_gating,49,0.7905638665132336,0.5621040182646184,1.7438535328500842,0.5555461878613752,0.025544151663780212,13,273.483527728455,0.6455696202531646,0.5811277330264673,0.5431530494821634,0.7836593785960875,0.7825086306098964,0.6432681242807825,0.7721518987341772
O,wo_gating,50,0.7733026467203682,0.6933474150773911,2.253475170781696,0.47059123808189973,0.016509367153048515,33,275.0546307142733,0.619102416570771,0.31530494821634064,0.5995397008055235,0.760644418872267,0.766398158803222,0.6087456846950517,0.7698504027617952
O,wo_gating,51,0.7882623705408516,0.6969274230903562,2.9821610167352266,0.677869064785067,0.023757942020893097,17,233.99210055814683,0.6386651323360184,0.6156501726121979,0.620253164556962,0.759493670886076,0.7882623705408516,0.6329113924050633,0.7813578826237054
O,wo_spectral,42,0.7848101265822784,0.6883748858923647,,,,17,,0.7836593785960875,0.7756041426927502,0.7836593785960875,0.6892980437284235,0.7825086306098964,0.7721518987341772,0.7859608745684695
O,wo_spectral,43,0.7813578826237054,0.6935357869512528,,,,27,,0.7825086306098964,0.7813578826237054,0.6547756041426928,0.7249712313003452,0.7813578826237054,0.6559263521288837,0.7813578826237054
O,wo_spectral,44,0.7871116225546605,0.6802134462924031,,,,25,,0.7871116225546605,0.7836593785960875,0.669735327963176,0.7341772151898734,0.7836593785960875,0.7675489067894131,0.7848101265822784
O,wo_spectral,45,0.7986191024165707,0.672786852450659,,,,17,,0.7963176064441887,0.7905638665132336,0.6628308400460299,0.7261219792865362,0.7928653624856157,0.6754890678941312,0.7974683544303798
O,wo_spectral,46,0.7905638665132336,0.6860035104702572,,,,17,,0.7882623705408516,0.7871116225546605,0.762945914844649,0.7330264672036824,0.7871116225546605,0.7710011507479861,0.7894131185270425
O,wo_spectral,47,0.7733026467203682,0.5973912245639895,,,,12,,0.7744533947065593,0.766398158803222,0.759493670886076,0.7364787111622555,0.7721518987341772,0.6582278481012658,0.7744533947065593
O,wo_spectral,48,0.7882623705408516,0.6326164542232764,,,,17,,0.7894131185270425,0.7836593785960875,0.7836593785960875,0.716915995397008,0.7859608745684695,0.6835443037974683,0.7882623705408516
O,wo_spectral,49,0.7917146144994246,0.6959630483526936,,,,31,,0.7928653624856157,0.7813578826237054,0.7894131185270425,0.715765247410817,0.7905638665132336,0.6731875719217492,0.7928653624856157
O,wo_spectral,50,0.7917146144994246,0.6006453374314861,,,,24,,0.7917146144994246,0.7894131185270425,0.6524741081703107,0.7031070195627158,0.7882623705408516,0.7088607594936709,0.7905638665132336
O,wo_spectral,51,0.7871116225546605,0.7007963198336216,,,,27,,0.7871116225546605,0.7790563866513234,0.5811277330264673,0.7215189873417721,0.7859608745684695,0.7410817031070196,0.7871116225546605
O,wo_temporal,42,0.6409666283084005,0.5536944118172659,,,,23,,0.40276179516685845,0.32796317606444186,0.32105868814729577,0.6409666283084005,0.6248561565017261,0.4568469505178366,0.6398158803222095
O,wo_temporal,43,0.6478711162255466,0.5198474435079452,,,,30,,0.380897583429229,0.3383199079401611,0.2428078250863061,0.6478711162255466,0.6317606444188723,0.42117376294591485,0.6536248561565017
O,wo_temporal,44,0.6628308400460299,0.510202732018888,,,,33,,0.4039125431530495,0.4004602991944764,0.2957422324510932,0.6628308400460299,0.6490218642117376,0.44188722669735325,0.6593785960874569
O,wo_temporal,45,0.6352128883774454,0.5101061388974045,,,,51,,0.3878020713463751,0.285385500575374,0.23130034522439585,0.6352128883774454,0.6248561565017261,0.4016110471806674,0.6386651323360184
O,wo_temporal,46,0.6329113924050633,0.5114602539375734,,,,32,,0.41657077100115075,0.30264672036823936,0.20598388952819333,0.6329113924050633,0.6133486766398158,0.46375143843498273,0.6352128883774454
O,wo_temporal,47,0.6467203682393556,0.5331922426251894,,,,46,,0.39010356731875717,0.30724971231300346,0.26352128883774456,0.6467203682393556,0.6340621403912543,0.5120828538550057,0.6524741081703107
O,wo_temporal,48,0.6421173762945915,0.5277901804605097,,,,45,,0.49252013808975836,0.4142692750287687,0.34982738780207134,0.6421173762945915,0.6421173762945915,0.45454545454545453,0.6432681242807825
O,wo_temporal,49,0.6352128883774454,0.5238547323191134,,,,45,,0.37284234752589185,0.2945914844649022,0.27848101265822783,0.6352128883774454,0.6237054085155351,0.38204833141542005,0.620253164556962
O,wo_temporal,50,0.6398158803222095,0.5181981841822844,,,,20,,0.4936708860759494,0.38434982738780205,0.35097813578826237,0.6398158803222095,0.6317606444188723,0.4579976985040276,0.6363636363636364
O,wo_temporal,51,0.6294591484464902,0.5060399938242436,,,,20,,0.46029919447640966,0.33141542002301494,0.3705408515535098,0.6294591484464902,0.6110471806674338,0.47756041426927504,0.6375143843498274
