config,metric,n_paired,cfg_mean,full_mean,mean_diff,ci95_lo,ci95_hi,ci90_lo,ci90_hi,cohens_dz,t_p,wilcoxon_p,shapiro_p,tost_p_0.5pp,tost_eq_0.5pp,tost_p_1.0pp,tost_eq_1.0pp,t_holm_p,wilcoxon_holm_p,t_bh_p,tier
w/o_spectral,accuracy,30,0.7857307249712313,0.7732642884541617,0.012466436517069442,0.008318627591044282,0.016614245443094602,0.009020537776937183,0.0159123352572017,1.122289860020125,1.0649060376316316e-06,2.055525727507762e-05,0.09389650892917367,0.9995286969894355,False,0.883135971753665,False,1.9168308677369367e-05,0.0003905498882264748,1.01166073575005e-05,robust
w/o_temporal,accuracy,10,0.6418872266973533,0.7744533947065593,-0.13256616800920598,-0.14700693525823533,-0.11812540076017662,-0.14426807698189573,-0.12086425903651625,-6.566972664985667,6.514517356680004e-09,0.001953125,0.8546292438926544,0.9999999954267438,False,0.9999999934949374,False,1.2377582977692006e-07,0.03515625,1.2377582977692006e-07,robust
w/o_fusion,accuracy,10,0.7761795166858458,0.7744533947065593,0.0017261219792865435,-0.005710533171428811,0.009162777130001897,-0.004300085640727876,0.007752329599300962,0.1660414868561053,0.6122228045232597,0.607421875,0.41057516673370265,0.17266383756329673,False,0.016469710921335534,True,1.0,1.0,0.6462351825523297,n.s.
w/o_dynamic_gating,accuracy,10,0.7792865362485616,0.7744533947065593,0.004833141542002306,-0.007680152426898732,0.017346435510903344,-0.005306861717341811,0.014973144801346424,0.2762998446518657,0.40497181025852425,0.53515625,0.013469091112923798,0.4882970061140932,False,0.18732551996234825,False,1.0,1.0,0.48090402468199756,n.s.
w/o_gating,accuracy,30,0.7776754890678942,0.7732642884541617,0.004411200613732258,0.000984605749393552,0.007837795478070965,0.0015644689690121351,0.007257932258452381,0.4807015258153685,0.01343051841182611,0.018896910027541947,0.3742940781341386,0.36390083017290764,False,0.0011700383018271587,True,0.17980554551202096,0.26455674038558724,0.036454264260670874,suggestive
full_r1,accuracy,10,0.7762945914844649,0.7744533947065593,0.0018411967779056516,-0.002866957070093407,0.006549350625904711,-0.0019740013212401607,0.005656394877051464,0.2797514424720964,0.39936135904543024,0.30859375,0.07239805595875991,0.08169735665029165,False,0.0017551834870246363,True,1.0,1.0,0.48090402468199756,n.s.
full_r3_stft,accuracy,10,0.783199079401611,0.7744533947065593,0.008745684695051792,0.0003848563156605596,0.017106513074443025,0.0019705839718894913,0.015520785418214094,0.7482854162660567,0.04216479580831247,0.064453125,0.6401383081177664,0.8313441464417416,False,0.37105598141555474,False,0.46381275389143717,0.64453125,0.08901456892865967,suggestive
full_r3_sinc,accuracy,10,0.7869965477560414,0.7744533947065593,0.01254315304948218,0.0033727401890308838,0.021713565909933476,0.005112014891487327,0.019974291207477034,0.9784544374782065,0.01284325325085864,0.033203125,0.08044224433376818,0.9521501022986464,False,0.7269912063781195,False,0.17980554551202096,0.3984375,0.036454264260670874,suggestive
full_r1_r3,accuracy,10,0.7834292289988494,0.7744533947065593,0.008975834292289996,0.0015437366917188545,0.01640793189286114,0.00295331983040259,0.014998348754177403,0.8639452000069506,0.023147335092840143,0.01953125,0.22929395754737247,0.8714779038075979,False,0.38117230021822535,False,0.2777680211140817,0.26455674038558724,0.05497492084549534,suggestive
full_r2,accuracy,10,0.7743383199079402,0.7744533947065593,-0.00011507479861909698,-0.006590530726825385,0.006360381129587192,-0.005362385728973396,0.005132236131735203,-0.01271254917183741,0.9688108536618942,0.94140625,0.18795395089876615,0.06104847687374915,False,0.003618844199425375,True,1.0,1.0,0.9688108536618941,n.s.
full_r2_gumbel,accuracy,30,0.7794016110471805,0.7732642884541617,0.00613732259301879,0.002633103407866544,0.009641541778171036,0.0032261025511556166,0.009048542634881963,0.6539870363154192,0.0012278846387577917,0.0024441533117948513,0.6721336089924685,0.7439678987178724,False,0.015946691882595565,True,0.019646154220124667,0.03910645298871762,0.005832452034099511,robust
full_r4_sparsemax,accuracy,10,0.7808975834292291,0.7744533947065593,0.006444188722669742,-5.051856414950949e-06,0.012893429301754435,0.0012181210977311443,0.011670256347608338,0.7147965484810985,0.050145020206494334,0.037109375,0.5589897198781444,0.6876828746694867,False,0.12189249803369695,False,0.5014502020649434,0.408203125,0.09527553839233924,marginal
full_r4_entmax,accuracy,10,0.778826237054085,0.7744533947065593,0.004372842347525885,-0.001648938999847198,0.010394623694898967,-0.0005068386254596206,0.00925252332051139,0.5194713643107475,0.1348573482404523,0.09765625,0.5312231812376929,0.4095085357051472,False,0.03183203331046325,True,1.0,0.87890625,0.2135241347140495,n.s.
full_r4_lstm,accuracy,10,0.7797468354430379,0.7744533947065593,0.0052934407364787165,-0.0016721749399741734,0.012259056412931606,-0.0003510654853130079,0.010937946958270441,0.5436273781341265,0.11971415805239057,0.18359375,0.5641726791063886,0.5369168624812679,False,0.08036917448312064,False,1.0,1.0,0.206779000272311,n.s.
full_r1_r2_r3,accuracy,10,0.7799769850402762,0.7744533947065593,0.00552359033371691,-0.004222772680693217,0.015269953348127037,-0.0023742623802435105,0.01342144304767733,0.40541671649544814,0.23186658727686077,0.244140625,0.9846832717101907,0.5470280222819198,False,0.16295877313297158,False,1.0,1.0,0.3388819352507965,n.s.
full_all,accuracy,10,0.778711162255466,0.7744533947065593,0.004257767548906799,-0.004843414998132949,0.013358950095946547,-0.003117270624113419,0.011632805721927018,0.33466238090062383,0.31749710074754245,0.322265625,0.14943615351161182,0.42886089969341645,False,0.09363171758995303,False,1.0,1.0,0.43088892244309335,n.s.
r1_w/o_spectral,accuracy,10,0.7874568469505179,0.7744533947065593,0.01300345224395858,0.005498264333028117,0.02050864015488904,0.006921709893146649,0.01908519459477051,1.239423912472314,0.003514158945042936,0.005859375,0.7583260981191491,0.9804506550697918,False,0.8055451930832538,False,0.05271238417564404,0.087890625,0.013353803991163158,suggestive
full_fixed_global,accuracy,10,0.7772151898734176,0.7744533947065593,0.0027617951668584386,-0.006122955590614559,0.011646545924331436,-0.004437860004924317,0.009961450338641195,0.22236631048717495,0.4997256192989358,0.6953125,0.8335063402109988,0.2913538662934305,False,0.049226115386660774,True,1.0,1.0,0.5585168686282224,n.s.
full_fixed_class,accuracy,10,0.8710011507479862,0.7744533947065593,0.09654775604142696,0.07021564841742889,0.12287986366542503,0.07520983672167568,0.11788567536117824,2.6228855292604094,1.6566608896338447e-05,0.001953125,0.0017140243230195542,0.999987320700253,False,0.9999802330446043,False,0.0002816323512377536,0.03515625,0.00010492185634347684,robust
w/o_spectral,macro_f1,30,0.6775397687659577,0.6319626235981615,0.04557714516779656,0.02415396371693745,0.06700032661865567,0.02777928724142294,0.06337500309417018,0.7944098191301802,0.000153079866816921,0.0003449581563472748,0.4903475469325564,0.9997185354881856,False,0.9990006271932862,False,0.002755437602704578,0.006554204970598221,0.0014542587347607496,robust
w/o_temporal,macro_f1,10,0.5093506161945067,0.6329071110386312,-0.1235564948441243,-0.16491478400206655,-0.08219820568618205,-0.15707070684175564,-0.09004228284649296,-2.1371046449459725,8.288341887759297e-05,0.001953125,0.0039116918401753565,0.9999432691177215,False,0.9999216228540165,False,0.0015747849586742664,0.03515625,0.0014542587347607496,robust
w/o_fusion,macro_f1,10,0.6490738971718146,0.6329071110386312,0.016166786133183453,-0.03424954305357992,0.06658311531994682,-0.024687503996056105,0.05702107626242301,0.22939040375525135,0.4866413444605411,0.375,0.6254692086401527,0.6858190105407496,False,0.6058702321907619,False,1.0,1.0,0.5452742436037994,n.s.
w/o_dynamic_gating,macro_f1,10,0.6149843950702404,0.6329071110386312,-0.017922715968390835,-0.05979454434052894,0.023949112403747277,-0.05185306853769646,0.016007636600914785,-0.30619963685624924,0.3581995306946636,0.375,0.3263169924245325,0.7486422233491706,False,0.6606554487051369,False,1.0,1.0,0.45371940554657386,n.s.
w/o_gating,macro_f1,30,0.6486874457298053,0.6319626235981615,0.016724822131644168,-0.009698503418807822,0.043148147682096155,-0.005227033859866538,0.038676678123154874,0.23634993287348685,0.20569169288627864,0.11907656863331795,0.2655432563409481,0.814196655236472,False,0.6966727421849528,False,1.0,1.0,0.35528565134902673,n.s.
full_r1,macro_f1,10,0.6250486190557917,0.6329071110386312,-0.007858491982839572,-0.07310876041275574,0.0573917764470766,-0.06073329346970466,0.045016309504025506,-0.08615484113473576,0.7914270254845096,0.921875,0.24561360088731055,0.5383847952785429,False,0.4712201899737005,False,1.0,1.0,0.8104628296805426,n.s.
full_r3_stft,macro_f1,10,0.6477234694911068,0.6329071110386312,0.01481635845247572,-0.03152366482728076,0.061156381732232194,-0.022734744259776805,0.05236746116472824,0.22872203314596437,0.48787695480339943,0.556640625,0.848831252682713,0.6783873913882519,False,0.5903101270934523,False,1.0,1.0,0.5452742436037994,n.s.
full_r3_sinc,macro_f1,10,0.654555396505471,0.6329071110386312,0.021648285466839945,-0.017561863360417984,0.060858434294097874,-0.010125205821376083,0.05342177675505597,0.39495515764901434,0.24318774461752848,0.275390625,0.6057930033886637,0.8190500802501681,False,0.7407777675374583,False,1.0,1.0,0.38312082395879715,n.s.
full_r1_r3,macro_f1,10,0.6659893953077678,0.6329071110386312,0.033082284269136716,-0.021186842935453476,0.08735141147372691,-0.010894076240248282,0.07705864477852171,0.4360792542061499,0.20119486240265588,0.10546875,0.024142702624180647,0.8640863705718252,False,0.8194478276361794,False,1.0,1.0,0.35528565134902673,n.s.
full_r2,macro_f1,10,0.6525038518438303,0.6329071110386312,0.019596740805199308,-0.017983385248082743,0.05717686685848136,-0.010855880352258322,0.05004936196265694,0.37303397678833794,0.26838563505833096,0.322265625,0.04026360062958176,0.7987825852967074,False,0.7111781437265797,False,1.0,1.0,0.38312082395879715,n.s.
full_r2_gumbel,macro_f1,30,0.6468936669440092,0.6319626235981615,0.014931043345847921,-0.012943504833074937,0.04280559152477078,-0.008226453097353363,0.038088539789049206,0.20001555461109008,0.2822995544959558,0.13473508320748806,0.14906388900535184,0.7639754215886496,False,0.6399391521413276,False,1.0,1.0,0.38312082395879715,n.s.
full_r4_sparsemax,macro_f1,10,0.5977118547096457,0.6329071110386312,-0.03519525632898531,-0.0697490752830911,-0.0006414373748795249,-0.06319554447758943,-0.007194968180381185,-0.728636383330296,0.046681256030169004,0.130859375,0.30976173183795114,0.9602668504157408,False,0.9332750581658588,False,0.5584518311346137,1.0,0.09854931828591235,suggestive
full_r4_entmax,macro_f1,10,0.5701026890146392,0.6329071110386312,-0.06280442202399181,-0.09911461785398704,-0.02649422619399657,-0.09222796989065399,-0.03338087415732963,-1.2373267616572543,0.0035497649160953493,0.005859375,0.8744093538593829,0.9971315203702001,False,0.9953090447654088,False,0.06034600357362094,0.09375,0.02248184446860388,suggestive
full_r4_lstm,macro_f1,10,0.6277546279108634,0.6329071110386312,-0.005152483127767654,-0.05234484451778782,0.04203987826225251,-0.04339426818454246,0.033089301929007144,-0.0781029870062075,0.8104628296805426,1.0,0.28992846655731613,0.5028362163622513,False,0.41072624211989217,False,1.0,1.0,0.8104628296805426,n.s.
full_r1_r2_r3,macro_f1,10,0.6795548770737414,0.6329071110386312,0.04664776603511023,0.00449455422542222,0.08880097784479823,0.012489397646710733,0.08080613442350973,0.7916312933116783,0.03367577156872339,0.048828125,0.4342403850852452,0.973867221154845,False,0.9596155997371729,False,0.43778503039340405,0.68359375,0.09140566568653492,suggestive
full_all,macro_f1,10,0.6654718861685271,0.6329071110386312,0.032564775129896015,0.003952089532559565,0.061177460727232465,0.009378815786445817,0.05575073447334621,0.8141646369363185,0.029960130659115493,0.048828125,0.9265631109601714,0.9713805057566272,False,0.945954541353049,False,0.4287835138526407,0.68359375,0.09140566568653492,suggestive
r1_w/o_spectral,macro_f1,10,0.6873443107962034,0.6329071110386312,0.054437199757572274,0.0071326313236382485,0.1017417681915063,0.016104489018572192,0.09276991049657235,0.8232191536348734,0.028585567590176046,0.048828125,0.13163309977231386,0.9788433926308898,False,0.9687380801786892,False,0.4287835138526407,0.68359375,0.09140566568653492,suggestive
full_fixed_global,macro_f1,10,0.675480019847722,0.6329071110386312,0.0425729088090908,0.014099174230807018,0.07104664338737458,0.01949954681926986,0.06564627079891175,1.0695760417680542,0.008097423730794069,0.00390625,0.16455725983119573,0.9923383880678793,False,0.9853410565874952,False,0.1295587796927051,0.06640625,0.038462762721271825,suggestive
full_fixed_class,macro_f1,10,0.7006623825963392,0.6329071110386312,0.06775527155770798,0.0012891549931837581,0.13422138812223222,0.013895221576047424,0.12161532153936855,0.7292317338695221,0.04653765259455114,0.037109375,0.3539007366373603,0.9692832576937644,False,0.9595492427876224,False,0.5584518311346137,0.556640625,0.09854931828591235,suggestive
